SubscriberKey,EmailAddress,NBA_Code,Dynamic_Subject_Line_ID
003ub6XQ2RqdERCCMu,luis.rodriguez@outlook.com,EMAIL_WE_MISS_YOU_STORYTELLING,SL_EMO_009
003rQuuQhmO1uHcXGu,pedro.gomez@yahoo.es,EMAIL_WE_MISS_YOU_STORYTELLING,SL_EMO_009
003mkq72WR6gihgFn3,pedro.gomez@yahoo.es,EMAIL_WE_MISS_YOU_STORYTELLING,SL_EMO_009
003CLcC5KI6qpTbHJJ,maria.garcia@outlook.com,PUSH_NEW_COLLECTION_NO_PROMO,SL_VIP_005
003vlbrNKMmp3eRuA1,laura.lopez@yahoo.es,EMAIL_WE_MISS_YOU_STORYTELLING,SL_EMO_009
003sfPaHpsKMziItaI,laura.lopez@yahoo.es,SMS_RECOVER_CART_20_OFF,SL_URGENCY_001
003XFYTrVrFuLWU8Pm,ana.martinez@hotmail.com,EMAIL_WE_MISS_YOU_STORYTELLING,SL_EMO_009
003WA9FV73LE5LTSxs,maria.garcia@gmail.com,SMS_RECOVER_CART_20_OFF,SL_URGENCY_001
0031RQPJfe967DPaWQ,elena.ruiz@gmail.com,EMAIL_WE_MISS_YOU_STORYTELLING,SL_EMO_009
003Fl31gWp8U4QPBLF,maria.garcia@outlook.com,EMAIL_WE_MISS_YOU_STORYTELLING,SL_EMO_009
0032CvvDefRNiSuMSx,carlos.sanchez@outlook.com,EMAIL_WE_MISS_YOU_STORYTELLING,SL_EMO_009
003VMptmTITH9rLx8c,juan.perez@gmail.com,SMS_RECOVER_CART_20_OFF,SL_URGENCY_001
0030jIKlhGmnZ3Yr4E,sofia.diaz@gmail.com,EMAIL_WE_MISS_YOU_STORYTELLING,SL_EMO_009
003jYbyfsk9j6ZJ3KB,laura.lopez@yahoo.es,SMS_RECOVER_CART_20_OFF,SL_URGENCY_001
003kP9PYb6OU9jIW79,ana.martinez@hotmail.com,EMAIL_WE_MISS_YOU_STORYTELLING,SL_EMO_009
003jxXp4gCEZL7WL88,luis.rodriguez@outlook.com,EMAIL_WE_MISS_YOU_STORYTELLING,SL_EMO_009
003IpRxicY07mKWAWq,laura.lopez@yahoo.es,EMAIL_WE_MISS_YOU_STORYTELLING,SL_EMO_009
003gHzNqkMR1iF8KST,luis.rodriguez@hotmail.com,EMAIL_WE_MISS_YOU_STORYTELLING,SL_EMO_009
003Dv9BNN25l3mDwT6,elena.ruiz@yahoo.es,SMS_RECOVER_CART_20_OFF,SL_URGENCY_001
003G0ytfsaSGl4Ux7P,maria.garcia@gmail.com,EMAIL_WE_MISS_YOU_STORYTELLING,SL_EMO_009
003kcDkjmjNMbKPZrS,maria.garcia@gmail.com,SMS_RECOVER_CART_20_OFF,SL_URGENCY_001
003CZMD06XXUtGNT0C,carlos.sanchez@hotmail.com,EMAIL_WE_MISS_YOU_STORYTELLING,SL_EMO_009
0030ux8RtypzZKtv4Y,sofia.diaz@yahoo.es,EMAIL_WE_MISS_YOU_STORYTELLING,SL_EMO_009
003kOR8aRLUJwt4KLG,sofia.diaz@outlook.com,EMAIL_WE_MISS_YOU_STORYTELLING,SL_EMO_009
003OBxvj7L6DDe8IFn,luis.rodriguez@outlook.com,SMS_RECOVER_CART_20_OFF,SL_URGENCY_001
003SAXlNA6JTgvjgsx,maria.garcia@gmail.com,EMAIL_WE_MISS_YOU_STORYTELLING,SL_EMO_009
003dUYNrlG0bqIHckw,sofia.diaz@hotmail.com,SMS_RECOVER_CART_20_OFF,SL_URGENCY_001
003lFwcCzLgu510dSC,luis.rodriguez@yahoo.es,EMAIL_WE_MISS_YOU_STORYTELLING,SL_EMO_009
0034PTEsiSL91V8t3c,juan.perez@hotmail.com,SMS_RECOVER_CART_20_OFF,SL_URGENCY_001
003hL8071URM0HVEV0,sofia.diaz@yahoo.es,SMS_RECOVER_CART_20_OFF,SL_URGENCY_001
0039QLM2hvmQTrbxxv,sofia.diaz@hotmail.com,EMAIL_WE_MISS_YOU_STORYTELLING,SL_EMO_009
003pvOc5iL22X8ESNF,diego.fernandez@hotmail.com,SMS_RECOVER_CART_20_OFF,SL_URGENCY_001
003r7atna8PeQyKSNl,diego.fernandez@hotmail.com,SMS_RECOVER_CART_20_OFF,SL_URGENCY_001
003zDMczzwAvI5LIiN,laura.lopez@yahoo.es,EMAIL_WE_MISS_YOU_STORYTELLING,SL_EMO_009
003HwcOSbyUW7YjpWw,diego.fernandez@outlook.com,EMAIL_WE_MISS_YOU_STORYTELLING,SL_EMO_009
003qY2KlflL1gcpsNp,luis.rodriguez@hotmail.com,SMS_RECOVER_CART_20_OFF,SL_URGENCY_001
003SBams5GBxwinyPS,juan.perez@hotmail.com,SMS_RECOVER_CART_20_OFF,SL_URGENCY_001
0036OoaTFzLmgcBx2g,luis.rodriguez@yahoo.es,EMAIL_WEEKLY_NEWSLETTER,SL_GEN_001
003GjQA2Wpa4UCKRzp,luis.rodriguez@yahoo.es,EMAIL_WE_MISS_YOU_STORYTELLING,SL_EMO_009
003sMbQV0l1vSYVBBr,pedro.gomez@yahoo.es,EMAIL_WE_MISS_YOU_STORYTELLING,SL_EMO_009
003qvTjzglat8M1gWF,maria.garcia@yahoo.es,SMS_RECOVER_CART_20_OFF,SL_URGENCY_001
0034DUbHJBpDnrA6Jq,diego.fernandez@gmail.com,SMS_RECOVER_CART_20_OFF,SL_URGENCY_001
003yIMITZRFe6eQR4o,pedro.gomez@outlook.com,EMAIL_WE_MISS_YOU_STORYTELLING,SL_EMO_009
003BztQZl6W3zH7WsH,luis.rodriguez@yahoo.es,EMAIL_WE_MISS_YOU_STORYTELLING,SL_EMO_009
003hOyzcceVrFiwrNt,pedro.gomez@yahoo.es,EMAIL_WEEKLY_NEWSLETTER,SL_GEN_001
003FEYfUYs38FsDsCY,carlos.sanchez@gmail.com,PUSH_NEW_COLLECTION_NO_PROMO,SL_VIP_005
003nRlLW1VXLCQ9Z69,juan.perez@hotmail.com,EMAIL_WE_MISS_YOU_STORYTELLING,SL_EMO_009
0036EWtSZut9suxEGi,diego.fernandez@hotmail.com,EMAIL_WE_MISS_YOU_STORYTELLING,SL_EMO_009
003oQwcd6FyCPOQkXB,elena.ruiz@hotmail.com,EMAIL_WE_MISS_YOU_STORYTELLING,SL_EMO_009
003TmzCwkkwjI3HytL,elena.ruiz@hotmail.com,EMAIL_WE_MISS_YOU_STORYTELLING,SL_EMO_009
0035oWRJo6WX4NoyZQ,diego.fernandez@hotmail.com,SMS_RECOVER_CART_20_OFF,SL_URGENCY_001
003nmPCBqpw1oeJ8Dy,elena.ruiz@outlook.com,EMAIL_WE_MISS_YOU_STORYTELLING,SL_EMO_009
003BiOk9zMMbxzq7Kn,ana.martinez@hotmail.com,EMAIL_WE_MISS_YOU_STORYTELLING,SL_EMO_009
003y30HzLYwK0f68L6,luis.rodriguez@gmail.com,EMAIL_WE_MISS_YOU_STORYTELLING,SL_EMO_009
003A9eTfnu7LjHzmfr,maria.garcia@hotmail.com,PUSH_NEW_COLLECTION_NO_PROMO,SL_VIP_005
003boENKIKlejPR58e,pedro.gomez@yahoo.es,EMAIL_WE_MISS_YOU_STORYTELLING,SL_EMO_009
003SLm8f681843Vpo4,maria.garcia@hotmail.com,EMAIL_WEEKLY_NEWSLETTER,SL_GEN_001
003coMgp2WuSqyzkz1,luis.rodriguez@yahoo.es,EMAIL_WE_MISS_YOU_STORYTELLING,SL_EMO_009
003FawnXJRYcErVvGo,diego.fernandez@hotmail.com,EMAIL_WE_MISS_YOU_STORYTELLING,SL_EMO_009
00327wlQzyOJ37IVJo,juan.perez@gmail.com,SMS_RECOVER_CART_20_OFF,SL_URGENCY_001
003ZxV18571ix13sUf,luis.rodriguez@hotmail.com,EMAIL_WE_MISS_YOU_STORYTELLING,SL_EMO_009
003MosUxtHH406oDm0,pedro.gomez@outlook.com,SMS_RECOVER_CART_20_OFF,SL_URGENCY_001
003JjrTvEorh83YW0O,elena.ruiz@gmail.com,SMS_RECOVER_CART_20_OFF,SL_URGENCY_001
003Uif8EZDphg3mGTT,juan.perez@gmail.com,EMAIL_WE_MISS_YOU_STORYTELLING,SL_EMO_009
003Mwe3i16leWiInMV,elena.ruiz@outlook.com,SMS_RECOVER_CART_20_OFF,SL_URGENCY_001
003WzNj9zHJ60XvUcc,sofia.diaz@yahoo.es,SMS_RECOVER_CART_20_OFF,SL_URGENCY_001
003XvsyZLd9zuaVX7K,pedro.gomez@hotmail.com,SMS_RECOVER_CART_20_OFF,SL_URGENCY_001
003OoufRnpJmicEwTj,laura.lopez@hotmail.com,EMAIL_WE_MISS_YOU_STORYTELLING,SL_EMO_009
0036X35jz1Pk6AVGnk,diego.fernandez@yahoo.es,SMS_RECOVER_CART_20_OFF,SL_URGENCY_001
003B6gFQG87Z5vOJyO,sofia.diaz@gmail.com,SMS_RECOVER_CART_20_OFF,SL_URGENCY_001
003lCfel85lrrPVyGd,diego.fernandez@yahoo.es,EMAIL_WE_MISS_YOU_STORYTELLING,SL_EMO_009
003fhQ2zPShhFdjweR,ana.martinez@hotmail.com,SMS_RECOVER_CART_20_OFF,SL_URGENCY_001
003rEAPe19ASDKpEkP,pedro.gomez@gmail.com,SMS_RECOVER_CART_20_OFF,SL_URGENCY_001
003IG13onaNkcOJl4e,maria.garcia@hotmail.com,EMAIL_WE_MISS_YOU_STORYTELLING,SL_EMO_009
003sAVbBjdlMuiHqMI,juan.perez@yahoo.es,EMAIL_WE_MISS_YOU_STORYTELLING,SL_EMO_009
003sqNya7ekijAKHer,laura.lopez@hotmail.com,SMS_RECOVER_CART_20_OFF,SL_URGENCY_001
003l0ty2TCfD51GZ1Q,sofia.diaz@gmail.com,EMAIL_WE_MISS_YOU_STORYTELLING,SL_EMO_009
003HjD7q5aDgcnqs3w,juan.perez@yahoo.es,PUSH_NEW_COLLECTION_NO_PROMO,SL_VIP_005
0036j8dktqE0h3Nsyi,ana.martinez@yahoo.es,SMS_RECOVER_CART_20_OFF,SL_URGENCY_001
003hb5ppqSo3T2txOl,maria.garcia@gmail.com,EMAIL_WE_MISS_YOU_STORYTELLING,SL_EMO_009
003rPTHJvBopcjMKGW,pedro.gomez@yahoo.es,SMS_RECOVER_CART_20_OFF,SL_URGENCY_001
003JNY9sFS7EGY88Vk,carlos.sanchez@outlook.com,EMAIL_WEEKLY_NEWSLETTER,SL_GEN_001
003nsDCPDlLIZXmBwo,pedro.gomez@outlook.com,SMS_RECOVER_CART_20_OFF,SL_URGENCY_001
003uHAYdG8kB8rryJo,luis.rodriguez@yahoo.es,EMAIL_WE_MISS_YOU_STORYTELLING,SL_EMO_009
003kPD9wvqLeEDrD7O,ana.martinez@hotmail.com,SMS_RECOVER_CART_20_OFF,SL_URGENCY_001
003pyE7n3Gqzn80fdO,juan.perez@gmail.com,EMAIL_WE_MISS_YOU_STORYTELLING,SL_EMO_009
003tg2efp0r6sU1jLN,laura.lopez@gmail.com,EMAIL_WE_MISS_YOU_STORYTELLING,SL_EMO_009
003j1FtiRZDuzlrZZl,elena.ruiz@hotmail.com,PUSH_NEW_COLLECTION_NO_PROMO,SL_VIP_005
003r4vAglhA78GwOBR,juan.perez@gmail.com,EMAIL_WE_MISS_YOU_STORYTELLING,SL_EMO_009
003Gryd8QVc1eT4bGh,pedro.gomez@gmail.com,EMAIL_WE_MISS_YOU_STORYTELLING,SL_EMO_009
003kSnAhtonRnS4kDU,ana.martinez@gmail.com,SMS_RECOVER_CART_20_OFF,SL_URGENCY_001
003T5e9NC6yzmqZkGe,ana.martinez@yahoo.es,SMS_RECOVER_CART_20_OFF,SL_URGENCY_001
00385145b2rZ1re0lQ,elena.ruiz@hotmail.com,EMAIL_WE_MISS_YOU_STORYTELLING,SL_EMO_009
003wgxxRrZ8cjaHwV3,ana.martinez@outlook.com,EMAIL_WEEKLY_NEWSLETTER,SL_GEN_001
003mrFFSHsFHcpocIY,pedro.gomez@hotmail.com,EMAIL_WEEKLY_NEWSLETTER,SL_GEN_001
003uJGiK619xFi2cFR,ana.martinez@yahoo.es,SMS_RECOVER_CART_20_OFF,SL_URGENCY_001
003ix3nAuWk6AliT9R,maria.garcia@yahoo.es,EMAIL_WE_MISS_YOU_STORYTELLING,SL_EMO_009
0038uHrUz8eA9owAEN,pedro.gomez@hotmail.com,EMAIL_WE_MISS_YOU_STORYTELLING,SL_EMO_009
003XnyACJYS9Q3af3v,sofia.diaz@gmail.com,SMS_RECOVER_CART_20_OFF,SL_URGENCY_001
003Ewc6nHWuzSfXnLa,luis.rodriguez@hotmail.com,SMS_RECOVER_CART_20_OFF,SL_URGENCY_001
003qAJaShrs8C0vkH8,diego.fernandez@gmail.com,SMS_RECOVER_CART_20_OFF,SL_URGENCY_001
003qFbbm7cYt1QvX4S,sofia.diaz@yahoo.es,SMS_RECOVER_CART_20_OFF,SL_URGENCY_001
003KwwWDYRft83NCQb,carlos.sanchez@outlook.com,EMAIL_WE_MISS_YOU_STORYTELLING,SL_EMO_009
003eSgHa6QB5PDNc1K,diego.fernandez@outlook.com,EMAIL_WE_MISS_YOU_STORYTELLING,SL_EMO_009
00347LDQCIyleWSV9X,carlos.sanchez@gmail.com,PUSH_NEW_COLLECTION_NO_PROMO,SL_VIP_005
00313g6QHYoN7FYJQf,pedro.gomez@hotmail.com,SMS_RECOVER_CART_20_OFF,SL_URGENCY_001
003MHYtDFPD9d28YSU,pedro.gomez@yahoo.es,EMAIL_WE_MISS_YOU_STORYTELLING,SL_EMO_009
003DsF0UiRhHDONaoz,elena.ruiz@gmail.com,EMAIL_WE_MISS_YOU_STORYTELLING,SL_EMO_009
003Gl2laaQRxP8RHUf,luis.rodriguez@outlook.com,SMS_RECOVER_CART_20_OFF,SL_URGENCY_001
003kUHVHE8xiQjrPNs,elena.ruiz@yahoo.es,EMAIL_WEEKLY_NEWSLETTER,SL_GEN_001
003Ut6oBvsGWB5YF99,ana.martinez@gmail.com,EMAIL_WE_MISS_YOU_STORYTELLING,SL_EMO_009
003wDs6Yrwj4dLoTwL,juan.perez@hotmail.com,SMS_RECOVER_CART_20_OFF,SL_URGENCY_001
003BqbOqgfYXH3BDTA,maria.garcia@yahoo.es,EMAIL_WE_MISS_YOU_STORYTELLING,SL_EMO_009
003xRCFxckvbceyG9o,ana.martinez@hotmail.com,EMAIL_WE_MISS_YOU_STORYTELLING,SL_EMO_009
003ljJsCbuM4s7mY7E,laura.lopez@yahoo.es,EMAIL_WE_MISS_YOU_STORYTELLING,SL_EMO_009
0033Islk5DOuGaE0IW,elena.ruiz@yahoo.es,EMAIL_WE_MISS_YOU_STORYTELLING,SL_EMO_009
003u4NlByGaP47giSB,maria.garcia@hotmail.com,EMAIL_WE_MISS_YOU_STORYTELLING,SL_EMO_009
003bpCQXQI55PCoDm1,diego.fernandez@hotmail.com,SMS_RECOVER_CART_20_OFF,SL_URGENCY_001
003jEtl9sp5AVB0BPl,sofia.diaz@hotmail.com,SMS_RECOVER_CART_20_OFF,SL_URGENCY_001
003hyDyr58d6jrgrb1,ana.martinez@outlook.com,EMAIL_WE_MISS_YOU_STORYTELLING,SL_EMO_009
003BwApBSznb7OhCbG,ana.martinez@gmail.com,EMAIL_WE_MISS_YOU_STORYTELLING,SL_EMO_009
003MLn0NT3aamc8PNm,pedro.gomez@yahoo.es,EMAIL_WE_MISS_YOU_STORYTELLING,SL_EMO_009
003gcbF5p0TeIWYyMD,ana.martinez@yahoo.es,EMAIL_WE_MISS_YOU_STORYTELLING,SL_EMO_009
003IajdfcJSRMiPbPu,diego.fernandez@outlook.com,SMS_RECOVER_CART_20_OFF,SL_URGENCY_001
0035NS2O793IdMeuAg,luis.rodriguez@hotmail.com,SMS_RECOVER_CART_20_OFF,SL_URGENCY_001
0037EXyh5nBLR5dgtY,sofia.diaz@yahoo.es,EMAIL_WE_MISS_YOU_STORYTELLING,SL_EMO_009
003LalCLODF5m9HzJr,sofia.diaz@gmail.com,EMAIL_WEEKLY_NEWSLETTER,SL_GEN_001
003U2vmBGpT54YZWNs,carlos.sanchez@outlook.com,EMAIL_WEEKLY_NEWSLETTER,SL_GEN_001
003GfbHcxw3Ko9D3TS,diego.fernandez@gmail.com,EMAIL_WE_MISS_YOU_STORYTELLING,SL_EMO_009
003j5jwxsOGoID93Ci,pedro.gomez@yahoo.es,SMS_RECOVER_CART_20_OFF,SL_URGENCY_001
003Kq3TLIMQzbEaZph,maria.garcia@gmail.com,EMAIL_WE_MISS_YOU_STORYTELLING,SL_EMO_009
003N1fUmwF4X4UuWGE,diego.fernandez@hotmail.com,SMS_RECOVER_CART_20_OFF,SL_URGENCY_001
003VRCAJp83Ex2aTKd,sofia.diaz@outlook.com,PUSH_NEW_COLLECTION_NO_PROMO,SL_VIP_005
003mqDKNTCTXtKDjOg,laura.lopez@hotmail.com,EMAIL_WE_MISS_YOU_STORYTELLING,SL_EMO_009
003DMmEcdGDxz8OjAW,luis.rodriguez@yahoo.es,EMAIL_WE_MISS_YOU_STORYTELLING,SL_EMO_009
003msRumOowiVdsQoV,ana.martinez@outlook.com,EMAIL_WE_MISS_YOU_STORYTELLING,SL_EMO_009
003dx95wDCVSPscadd,laura.lopez@gmail.com,EMAIL_WE_MISS_YOU_STORYTELLING,SL_EMO_009
003fzI3nuAm1buW8O0,sofia.diaz@outlook.com,EMAIL_WEEKLY_NEWSLETTER,SL_GEN_001
003WDsreE3Kw2gzSpd,maria.garcia@outlook.com,EMAIL_WE_MISS_YOU_STORYTELLING,SL_EMO_009
003SRdCm9yZkLKJOle,carlos.sanchez@hotmail.com,SMS_RECOVER_CART_20_OFF,SL_URGENCY_001
003JYxO6COx7t7drdF,ana.martinez@gmail.com,SMS_RECOVER_CART_20_OFF,SL_URGENCY_001
0034f7f5ZV1PyfygqA,elena.ruiz@outlook.com,SMS_RECOVER_CART_20_OFF,SL_URGENCY_001
003FcXudse4L5zEJAY,pedro.gomez@yahoo.es,SMS_RECOVER_CART_20_OFF,SL_URGENCY_001
003eLHmSyWn5zZN2Wq,elena.ruiz@hotmail.com,SMS_RECOVER_CART_20_OFF,SL_URGENCY_001
003UY6J2n6ZLR5DsOl,sofia.diaz@gmail.com,EMAIL_WE_MISS_YOU_STORYTELLING,SL_EMO_009
003CYrPyD6ICzvW5Gp,luis.rodriguez@hotmail.com,SMS_RECOVER_CART_20_OFF,SL_URGENCY_001
0032kgBibGfwhgoBcr,sofia.diaz@outlook.com,EMAIL_WE_MISS_YOU_STORYTELLING,SL_EMO_009
0033N8XfR76EoXxEBm,diego.fernandez@yahoo.es,SMS_RECOVER_CART_20_OFF,SL_URGENCY_001
003plsOvN0HlKuCKrD,laura.lopez@outlook.com,EMAIL_WE_MISS_YOU_STORYTELLING,SL_EMO_009
003hraJ6QPIFbRGp0O,sofia.diaz@gmail.com,SMS_RECOVER_CART_20_OFF,SL_URGENCY_001
0030vLdGM8FAkNZ7tv,laura.lopez@hotmail.com,EMAIL_WE_MISS_YOU_STORYTELLING,SL_EMO_009
0039rYc9OsKdmtoz1n,juan.perez@outlook.com,EMAIL_WEEKLY_NEWSLETTER,SL_GEN_001
003rDsSxFnL7mTKdic,ana.martinez@outlook.com,EMAIL_WE_MISS_YOU_STORYTELLING,SL_EMO_009
0034SM6d8h03c91idB,luis.rodriguez@outlook.com,EMAIL_WE_MISS_YOU_STORYTELLING,SL_EMO_009
003DkCVh5A5vmkxBpd,juan.perez@gmail.com,SMS_RECOVER_CART_20_OFF,SL_URGENCY_001
003oNaiARMTgfO64t6,juan.perez@hotmail.com,SMS_RECOVER_CART_20_OFF,SL_URGENCY_001
003qIL43vTab1STc8X,sofia.diaz@hotmail.com,SMS_RECOVER_CART_20_OFF,SL_URGENCY_001
003dLo44Afp8KbxLTj,carlos.sanchez@hotmail.com,EMAIL_WE_MISS_YOU_STORYTELLING,SL_EMO_009
003xAzGrtMEYJ4C0S5,carlos.sanchez@yahoo.es,EMAIL_WE_MISS_YOU_STORYTELLING,SL_EMO_009
003BDmmmboV0SNmtRS,elena.ruiz@gmail.com,SMS_RECOVER_CART_20_OFF,SL_URGENCY_001
003bYMuSWxF3m2XObi,ana.martinez@outlook.com,SMS_RECOVER_CART_20_OFF,SL_URGENCY_001
003qgnc3uKHsZW0Bda,laura.lopez@yahoo.es,SMS_RECOVER_CART_20_OFF,SL_URGENCY_001
003NPZ4vhAaLIpjIg4,sofia.diaz@yahoo.es,EMAIL_WE_MISS_YOU_STORYTELLING,SL_EMO_009
003S5BfFFB015JfqGh,carlos.sanchez@yahoo.es,SMS_RECOVER_CART_20_OFF,SL_URGENCY_001
0032riYTrmlZvbLyGd,carlos.sanchez@yahoo.es,SMS_RECOVER_CART_20_OFF,SL_URGENCY_001
0037KMa1BOqNBuNw6V,elena.ruiz@hotmail.com,EMAIL_WE_MISS_YOU_STORYTELLING,SL_EMO_009
003gVC3OxwNOJoVjpX,luis.rodriguez@gmail.com,EMAIL_WE_MISS_YOU_STORYTELLING,SL_EMO_009
0038OwRRjTbFf9GkZX,laura.lopez@outlook.com,EMAIL_WE_MISS_YOU_STORYTELLING,SL_EMO_009
003GnvZY80NdBmssYg,maria.garcia@hotmail.com,EMAIL_WE_MISS_YOU_STORYTELLING,SL_EMO_009
0035hZVI8afRo7yoJ2,carlos.sanchez@outlook.com,EMAIL_WEEKLY_NEWSLETTER,SL_GEN_001
003Zn9zMwsUaIFju33,maria.garcia@gmail.com,EMAIL_WEEKLY_NEWSLETTER,SL_GEN_001
003QzJiUj7WugMYujh,laura.lopez@yahoo.es,EMAIL_WE_MISS_YOU_STORYTELLING,SL_EMO_009
003LSFPOyeVuzFRrug,carlos.sanchez@hotmail.com,SMS_RECOVER_CART_20_OFF,SL_URGENCY_001
003xe0MEGveYxkM4hl,ana.martinez@gmail.com,EMAIL_WE_MISS_YOU_STORYTELLING,SL_EMO_009
003Chl8i4UoAuiSNIQ,carlos.sanchez@outlook.com,EMAIL_WE_MISS_YOU_STORYTELLING,SL_EMO_009
003n3aWY7HaNWelKCP,laura.lopez@yahoo.es,SMS_RECOVER_CART_20_OFF,SL_URGENCY_001
00359AFn4CpDhRRG7v,ana.martinez@outlook.com,SMS_RECOVER_CART_20_OFF,SL_URGENCY_001
003hCNVAEAG0dxQ8rV,juan.perez@gmail.com,EMAIL_WE_MISS_YOU_STORYTELLING,SL_EMO_009
003qDfwVEBlKtLs8FQ,sofia.diaz@hotmail.com,EMAIL_WE_MISS_YOU_STORYTELLING,SL_EMO_009
003QynNPb4rs3u2yMx,ana.martinez@gmail.com,EMAIL_WE_MISS_YOU_STORYTELLING,SL_EMO_009
0031uLsRSlAOkQ5zoW,pedro.gomez@gmail.com,EMAIL_WE_MISS_YOU_STORYTELLING,SL_EMO_009
003A9J2PpBs8IiQPRx,diego.fernandez@yahoo.es,SMS_RECOVER_CART_20_OFF,SL_URGENCY_001
003MY5MtAu0QKJGBsG,sofia.diaz@outlook.com,EMAIL_WE_MISS_YOU_STORYTELLING,SL_EMO_009
003bBypD2CcO2lZNhm,laura.lopez@gmail.com,SMS_RECOVER_CART_20_OFF,SL_URGENCY_001
003zgixAN83MSPGLLr,carlos.sanchez@gmail.com,PUSH_NEW_COLLECTION_NO_PROMO,SL_VIP_005
003A19Qg1pgss7HCeQ,elena.ruiz@hotmail.com,EMAIL_WE_MISS_YOU_STORYTELLING,SL_EMO_009
003jdjh77Dou8Qp2No,elena.ruiz@hotmail.com,EMAIL_WE_MISS_YOU_STORYTELLING,SL_EMO_009
003tIWiz9RwCQeBMqV,maria.garcia@hotmail.com,EMAIL_WEEKLY_NEWSLETTER,SL_GEN_001
003Ud7UOTafRX01gmi,maria.garcia@outlook.com,PUSH_NEW_COLLECTION_NO_PROMO,SL_VIP_005
003jztrXN9uz87xXBy,sofia.diaz@gmail.com,SMS_RECOVER_CART_20_OFF,SL_URGENCY_001
003wpj2vok8MdJV6eU,diego.fernandez@yahoo.es,EMAIL_WE_MISS_YOU_STORYTELLING,SL_EMO_009
003Iyq0NMw33c440Kp,laura.lopez@hotmail.com,EMAIL_WE_MISS_YOU_STORYTELLING,SL_EMO_009
003zylZCSDJjZpiw1n,sofia.diaz@yahoo.es,SMS_RECOVER_CART_20_OFF,SL_URGENCY_001
003SwEDrSHc2vfXD0w,laura.lopez@outlook.com,EMAIL_WE_MISS_YOU_STORYTELLING,SL_EMO_009
003UydEgO9I7RoooFV,ana.martinez@outlook.com,SMS_RECOVER_CART_20_OFF,SL_URGENCY_001
003FeEKBpQMSy9gsm5,laura.lopez@gmail.com,SMS_RECOVER_CART_20_OFF,SL_URGENCY_001
003gIdKOi5gSUUiUpl,ana.martinez@gmail.com,EMAIL_WE_MISS_YOU_STORYTELLING,SL_EMO_009
003SA37MjFCUHwibQH,carlos.sanchez@outlook.com,EMAIL_WE_MISS_YOU_STORYTELLING,SL_EMO_009
003dCifUoxNsrWUile,ana.martinez@yahoo.es,SMS_RECOVER_CART_20_OFF,SL_URGENCY_001
003xr5lkyVX5HBJe46,maria.garcia@gmail.com,EMAIL_WE_MISS_YOU_STORYTELLING,SL_EMO_009
003UZg374TTxj9W0Pf,laura.lopez@outlook.com,PUSH_NEW_COLLECTION_NO_PROMO,SL_VIP_005
003ucGRVYKKtvzpVOF,luis.rodriguez@yahoo.es,EMAIL_WE_MISS_YOU_STORYTELLING,SL_EMO_009
003dIZwbNPsuSzvC8F,ana.martinez@gmail.com,EMAIL_WE_MISS_YOU_STORYTELLING,SL_EMO_009
003LKelrn3JDjJUq1k,ana.martinez@outlook.com,EMAIL_WE_MISS_YOU_STORYTELLING,SL_EMO_009
0036EcH7IJXaliZnkf,diego.fernandez@outlook.com,SMS_RECOVER_CART_20_OFF,SL_URGENCY_001
003XsVfqL4yNgDR6kG,carlos.sanchez@yahoo.es,EMAIL_WE_MISS_YOU_STORYTELLING,SL_EMO_009
003kvaY2RmhlTXjp9f,sofia.diaz@gmail.com,EMAIL_WE_MISS_YOU_STORYTELLING,SL_EMO_009
00359krhPGD1584hEg,sofia.diaz@hotmail.com,EMAIL_WE_MISS_YOU_STORYTELLING,SL_EMO_009
003ULUahIg62xXk6Jn,diego.fernandez@yahoo.es,SMS_RECOVER_CART_20_OFF,SL_URGENCY_001
003OZnxuzLUmGBMV4t,sofia.diaz@outlook.com,EMAIL_WE_MISS_YOU_STORYTELLING,SL_EMO_009
003f0Nda6fSBTJOY3e,elena.ruiz@outlook.com,EMAIL_WE_MISS_YOU_STORYTELLING,SL_EMO_009
0039MWdLIDfWX4i94U,luis.rodriguez@hotmail.com,EMAIL_WE_MISS_YOU_STORYTELLING,SL_EMO_009
003sAjpBg69017ToIE,elena.ruiz@gmail.com,EMAIL_WE_MISS_YOU_STORYTELLING,SL_EMO_009
0033i5fMKBXuVGQ7lg,sofia.diaz@outlook.com,PUSH_NEW_COLLECTION_NO_PROMO,SL_VIP_005
003RMxwSHPy5o8YjdW,laura.lopez@gmail.com,EMAIL_WE_MISS_YOU_STORYTELLING,SL_EMO_009
003iZFBY72zg15ulWB,sofia.diaz@gmail.com,SMS_RECOVER_CART_20_OFF,SL_URGENCY_001
003Eyk32k1CUAGTlvO,ana.martinez@gmail.com,SMS_RECOVER_CART_20_OFF,SL_URGENCY_001
003ZbxYh6I9HYSgx2b,elena.ruiz@gmail.com,SMS_RECOVER_CART_20_OFF,SL_URGENCY_001
003i9e0xe5B8qg5a2j,laura.lopez@gmail.com,EMAIL_WE_MISS_YOU_STORYTELLING,SL_EMO_009
003Ssgh0wZydZq3CyI,juan.perez@yahoo.es,EMAIL_WEEKLY_NEWSLETTER,SL_GEN_001
003xBvn8IKQ0jqOnYw,juan.perez@outlook.com,EMAIL_WEEKLY_NEWSLETTER,SL_GEN_001
003CirS30oyWwL7Rdf,juan.perez@yahoo.es,EMAIL_WE_MISS_YOU_STORYTELLING,SL_EMO_009
003DZJW2lvWF5ziRhy,elena.ruiz@gmail.com,SMS_RECOVER_CART_20_OFF,SL_URGENCY_001
003Bh9Hz9Q5k77cMjo,laura.lopez@outlook.com,EMAIL_WE_MISS_YOU_STORYTELLING,SL_EMO_009
003UuYeSqaRAw8H5oj,ana.martinez@yahoo.es,SMS_RECOVER_CART_20_OFF,SL_URGENCY_001
003rWq07q2CxKE8ebs,carlos.sanchez@gmail.com,EMAIL_WE_MISS_YOU_STORYTELLING,SL_EMO_009
0038V9gNe05ZGfwIM8,diego.fernandez@outlook.com,EMAIL_WE_MISS_YOU_STORYTELLING,SL_EMO_009
00377ZsMS7iHw57PyZ,maria.garcia@hotmail.com,PUSH_NEW_COLLECTION_NO_PROMO,SL_VIP_005
003VVhSt6uiZGS1EP8,ana.martinez@gmail.com,EMAIL_WE_MISS_YOU_STORYTELLING,SL_EMO_009
003RTnczTRT3xXvxZg,pedro.gomez@yahoo.es,EMAIL_WE_MISS_YOU_STORYTELLING,SL_EMO_009
003RBH8CsqJDSlA9PD,elena.ruiz@outlook.com,EMAIL_WE_MISS_YOU_STORYTELLING,SL_EMO_009
003UEpNKg6ZPNjQRvg,maria.garcia@gmail.com,SMS_RECOVER_CART_20_OFF,SL_URGENCY_001
003TwpGprkOlw4xiQv,luis.rodriguez@hotmail.com,EMAIL_WE_MISS_YOU_STORYTELLING,SL_EMO_009
003s94JVz5NqJNXLLy,maria.garcia@gmail.com,EMAIL_WE_MISS_YOU_STORYTELLING,SL_EMO_009
003VwoBBgtSIQmBK1I,pedro.gomez@yahoo.es,SMS_RECOVER_CART_20_OFF,SL_URGENCY_001
003PyJm4JD01TBsxdC,laura.lopez@outlook.com,EMAIL_WE_MISS_YOU_STORYTELLING,SL_EMO_009
003ZDtIDMTYSIRRGUg,pedro.gomez@outlook.com,EMAIL_WE_MISS_YOU_STORYTELLING,SL_EMO_009
003lKfkGI6PFIziy1S,luis.rodriguez@yahoo.es,EMAIL_WEEKLY_NEWSLETTER,SL_GEN_001
0030D6toQmbYxdbRAV,sofia.diaz@hotmail.com,EMAIL_WE_MISS_YOU_STORYTELLING,SL_EMO_009
003nFzPdGJAeWrcL4B,pedro.gomez@outlook.com,SMS_RECOVER_CART_20_OFF,SL_URGENCY_001
003V5dNfhAa7Ge81aJ,sofia.diaz@yahoo.es,EMAIL_WE_MISS_YOU_STORYTELLING,SL_EMO_009
003d6tB7G8rcuSHhsr,elena.ruiz@outlook.com,SMS_RECOVER_CART_20_OFF,SL_URGENCY_001
003Z4Kw63VZHONKdLu,luis.rodriguez@gmail.com,SMS_RECOVER_CART_20_OFF,SL_URGENCY_001
003rdhZAmVG2JNjUjF,maria.garcia@yahoo.es,EMAIL_WE_MISS_YOU_STORYTELLING,SL_EMO_009
003eAJ17A2f9EDEreP,maria.garcia@yahoo.es,SMS_RECOVER_CART_20_OFF,SL_URGENCY_001
003NIgFASpNy5PnvcN,diego.fernandez@hotmail.com,SMS_RECOVER_CART_20_OFF,SL_URGENCY_001
003EhGIJcYhacRuCu7,sofia.diaz@hotmail.com,SMS_RECOVER_CART_20_OFF,SL_URGENCY_001
003NXTPEcnrRNqLQZu,maria.garcia@outlook.com,EMAIL_WE_MISS_YOU_STORYTELLING,SL_EMO_009
003kWhRSJjT7kNOBlk,luis.rodriguez@hotmail.com,EMAIL_WE_MISS_YOU_STORYTELLING,SL_EMO_009
003O4ZRNUd2uALBnsf,pedro.gomez@hotmail.com,SMS_RECOVER_CART_20_OFF,SL_URGENCY_001
0032KdYN79ZUtkZUL2,juan.perez@yahoo.es,EMAIL_WE_MISS_YOU_STORYTELLING,SL_EMO_009
003c57ciaN3ix4EVqh,elena.ruiz@yahoo.es,SMS_RECOVER_CART_20_OFF,SL_URGENCY_001
003yZ2adUiWw7IR8tA,laura.lopez@outlook.com,SMS_RECOVER_CART_20_OFF,SL_URGENCY_001
003NmQSsW8Yliidesj,luis.rodriguez@gmail.com,EMAIL_WE_MISS_YOU_STORYTELLING,SL_EMO_009
003bspzRU1DZ2PDEbJ,laura.lopez@gmail.com,EMAIL_WE_MISS_YOU_STORYTELLING,SL_EMO_009
003kEVfUIY9QtMH3sU,juan.perez@gmail.com,EMAIL_WE_MISS_YOU_STORYTELLING,SL_EMO_009
003DqtwYUIyp1qPAIv,sofia.diaz@yahoo.es,SMS_RECOVER_CART_20_OFF,SL_URGENCY_001
003lwuptT9eH66lo6c,juan.perez@hotmail.com,EMAIL_WE_MISS_YOU_STORYTELLING,SL_EMO_009
003zAmkn453AwDeBUm,elena.ruiz@yahoo.es,EMAIL_WE_MISS_YOU_STORYTELLING,SL_EMO_009
003jPN2wCLXNXm7fMe,laura.lopez@yahoo.es,EMAIL_WE_MISS_YOU_STORYTELLING,SL_EMO_009
003qHSyZlc790MPkXn,luis.rodriguez@outlook.com,EMAIL_WE_MISS_YOU_STORYTELLING,SL_EMO_009
003EJQx1NiGTwwqIKo,luis.rodriguez@outlook.com,SMS_RECOVER_CART_20_OFF,SL_URGENCY_001
003B9C4Lqr6jLA9ANl,laura.lopez@gmail.com,EMAIL_WEEKLY_NEWSLETTER,SL_GEN_001
003Q0mhMKpKaOm2YI3,pedro.gomez@gmail.com,SMS_RECOVER_CART_20_OFF,SL_URGENCY_001
003aXrTMfWPhHJU38x,laura.lopez@hotmail.com,SMS_RECOVER_CART_20_OFF,SL_URGENCY_001
003fAYJwjtu9isddhE,elena.ruiz@hotmail.com,EMAIL_WE_MISS_YOU_STORYTELLING,SL_EMO_009
003sdhlq5YnyuvyozJ,sofia.diaz@gmail.com,EMAIL_WEEKLY_NEWSLETTER,SL_GEN_001
003BmMr6cZwM0qxbu9,carlos.sanchez@gmail.com,EMAIL_WE_MISS_YOU_STORYTELLING,SL_EMO_009
003H0dqrT4fbrYdH45,pedro.gomez@gmail.com,SMS_RECOVER_CART_20_OFF,SL_URGENCY_001
003sq5URmer42D3lvB,diego.fernandez@outlook.com,SMS_RECOVER_CART_20_OFF,SL_URGENCY_001
003G7Tc2GnwUzpreKA,juan.perez@gmail.com,SMS_RECOVER_CART_20_OFF,SL_URGENCY_001
003C21U9I0taSfPPO2,laura.lopez@gmail.com,SMS_RECOVER_CART_20_OFF,SL_URGENCY_001
003FmLgfyeW4Jj3EO2,sofia.diaz@outlook.com,EMAIL_WEEKLY_NEWSLETTER,SL_GEN_001
003HwvSuZzabhgo7RN,elena.ruiz@yahoo.es,EMAIL_WEEKLY_NEWSLETTER,SL_GEN_001
0032mavHUX1XZoX8c8,elena.ruiz@hotmail.com,EMAIL_WE_MISS_YOU_STORYTELLING,SL_EMO_009
003VuJWimXsn5yQN6s,laura.lopez@outlook.com,SMS_RECOVER_CART_20_OFF,SL_URGENCY_001
003TGs3HYX32U95YkO,pedro.gomez@yahoo.es,SMS_RECOVER_CART_20_OFF,SL_URGENCY_001
003wTIzAxepf2qeaG7,luis.rodriguez@gmail.com,SMS_RECOVER_CART_20_OFF,SL_URGENCY_001
0031kmjnxFhFIQE2XH,laura.lopez@outlook.com,EMAIL_WE_MISS_YOU_STORYTELLING,SL_EMO_009
003enmQjfwlKGSaZqZ,juan.perez@hotmail.com,EMAIL_WEEKLY_NEWSLETTER,SL_GEN_001
003y4xtF6K3sgNZT0O,elena.ruiz@gmail.com,EMAIL_WE_MISS_YOU_STORYTELLING,SL_EMO_009
003PrmPg4CThhGSHVo,laura.lopez@yahoo.es,EMAIL_WE_MISS_YOU_STORYTELLING,SL_EMO_009
0035Db7djIsfpypFMR,elena.ruiz@gmail.com,EMAIL_WE_MISS_YOU_STORYTELLING,SL_EMO_009
003F5kVALPgkzyRr4V,diego.fernandez@hotmail.com,SMS_RECOVER_CART_20_OFF,SL_URGENCY_001
003tI48IqBO9GTMSKr,laura.lopez@yahoo.es,SMS_RECOVER_CART_20_OFF,SL_URGENCY_001
003Q88xkNy3jOxPApt,maria.garcia@yahoo.es,SMS_RECOVER_CART_20_OFF,SL_URGENCY_001
003n3CpMF5BvhUpl5C,luis.rodriguez@gmail.com,SMS_RECOVER_CART_20_OFF,SL_URGENCY_001
003Yfgnk1RTN8QoTPo,pedro.gomez@hotmail.com,EMAIL_WE_MISS_YOU_STORYTELLING,SL_EMO_009
0036mThGS10j4fc5UW,elena.ruiz@gmail.com,SMS_RECOVER_CART_20_OFF,SL_URGENCY_001
003D87vTOfushteIeB,carlos.sanchez@hotmail.com,SMS_RECOVER_CART_20_OFF,SL_URGENCY_001
003beDwGufrBXUnoSd,ana.martinez@yahoo.es,EMAIL_WE_MISS_YOU_STORYTELLING,SL_EMO_009
003LAiTv5rOXvHjgxC,sofia.diaz@outlook.com,PUSH_NEW_COLLECTION_NO_PROMO,SL_VIP_005
003jVZZiLbWnHvgSB8,laura.lopez@outlook.com,EMAIL_WE_MISS_YOU_STORYTELLING,SL_EMO_009
003ivGy6hhXqFSI3rl,diego.fernandez@gmail.com,SMS_RECOVER_CART_20_OFF,SL_URGENCY_001
003Iz3n2HQa3XJA2wC,laura.lopez@gmail.com,EMAIL_WEEKLY_NEWSLETTER,SL_GEN_001
003dKykMB5eSu0vpMO,juan.perez@gmail.com,EMAIL_WE_MISS_YOU_STORYTELLING,SL_EMO_009
0036RJMq0I5VYjiEa1,juan.perez@outlook.com,PUSH_NEW_COLLECTION_NO_PROMO,SL_VIP_005
003dmj0GNXe65wsLXX,sofia.diaz@hotmail.com,SMS_RECOVER_CART_20_OFF,SL_URGENCY_001
003mOkjPJnXz9dQaoS,maria.garcia@yahoo.es,SMS_RECOVER_CART_20_OFF,SL_URGENCY_001
