user_id,email_clean,Propensity_Score,Next_Best_Action
003ELU3pSG5YWx8wSJ,carlos.sanchez@outlook.com,0.019276715930065795,DO_NOTHING_LOW_SCORE
003ub6XQ2RqdERCCMu,luis.rodriguez@outlook.com,0.016061519279733313,EMAIL_WE_MISS_YOU_STORYTELLING
003rQuuQhmO1uHcXGu,pedro.gomez@yahoo.es,0.03397991120748557,EMAIL_WE_MISS_YOU_STORYTELLING
003QRqjQuPHZEBzPAL,elena.ruiz@gmail.com,0.0185741588892499,DO_NOTHING_LOW_SCORE
003mkq72WR6gihgFn3,pedro.gomez@yahoo.es,0.05722744767007398,EMAIL_WE_MISS_YOU_STORYTELLING
003CLcC5KI6qpTbHJJ,maria.garcia@outlook.com,0.9522192888866242,PUSH_NEW_COLLECTION_NO_PROMO
0032tF32ZqboBR5zNB,elena.ruiz@outlook.com,0.027379206794525445,DO_NOTHING_LOW_SCORE
003Lro0Wd8OoNu9SUC,luis.rodriguez@hotmail.com,0.018628789184092463,DO_NOTHING_LOW_SCORE
003URKyqeQ055tFojl,ana.martinez@gmail.com,0.02665662479596906,DO_NOTHING_LOW_SCORE
003vlbrNKMmp3eRuA1,laura.lopez@yahoo.es,0.021885890816044706,EMAIL_WE_MISS_YOU_STORYTELLING
0031IKCc0eYrkUuW8c,luis.rodriguez@hotmail.com,0.015623516950873849,DO_NOTHING_LOW_SCORE
003sfPaHpsKMziItaI,laura.lopez@yahoo.es,0.9412017334811746,SMS_RECOVER_CART_20_OFF
003XFYTrVrFuLWU8Pm,ana.martinez@hotmail.com,0.028300753430154348,EMAIL_WE_MISS_YOU_STORYTELLING
003QQWoMVAdJCbxHCc,diego.fernandez@gmail.com,0.005016589722569789,DO_NOTHING_LOW_SCORE
003WA9FV73LE5LTSxs,maria.garcia@gmail.com,0.9593659055903213,SMS_RECOVER_CART_20_OFF
0031RQPJfe967DPaWQ,elena.ruiz@gmail.com,0.031563399485778104,EMAIL_WE_MISS_YOU_STORYTELLING
003Fl31gWp8U4QPBLF,maria.garcia@outlook.com,0.05786256374042539,EMAIL_WE_MISS_YOU_STORYTELLING
0032CvvDefRNiSuMSx,carlos.sanchez@outlook.com,0.04891694745016968,EMAIL_WE_MISS_YOU_STORYTELLING
003YcBw4C2fI0bCMdq,laura.lopez@yahoo.es,0.019602697526004277,DO_NOTHING_LOW_SCORE
003jn6uejxmNHQ5CYW,diego.fernandez@outlook.com,0.009078818223117444,DO_NOTHING_LOW_SCORE
003Dylzdy1uMPjeFIl,juan.perez@outlook.com,0.015946661484763473,DO_NOTHING_LOW_SCORE
003rJaCe2Vw8FX70bU,sofia.diaz@outlook.com,0.013655803910392048,DO_NOTHING_NEGATIVE_VALUE
003VMptmTITH9rLx8c,juan.perez@gmail.com,0.9383665349596771,SMS_RECOVER_CART_20_OFF
003PbIM0I2Gn2bLvzm,carlos.sanchez@yahoo.es,0.01520614828640409,DO_NOTHING_LOW_SCORE
0030jIKlhGmnZ3Yr4E,sofia.diaz@gmail.com,0.013843787585389037,EMAIL_WE_MISS_YOU_STORYTELLING
003jYbyfsk9j6ZJ3KB,laura.lopez@yahoo.es,0.9412288321086646,SMS_RECOVER_CART_20_OFF
003kP9PYb6OU9jIW79,ana.martinez@hotmail.com,0.026913983049621934,EMAIL_WE_MISS_YOU_STORYTELLING
003sXtJiQyK3LzFBcc,diego.fernandez@outlook.com,0.021930740453692237,DO_NOTHING_LOW_SCORE
0039RzMNRjtuuE1oAW,sofia.diaz@gmail.com,0.013569308079858787,DO_NOTHING_NEGATIVE_VALUE
003jxXp4gCEZL7WL88,luis.rodriguez@outlook.com,0.03622253314420326,EMAIL_WE_MISS_YOU_STORYTELLING
003IpRxicY07mKWAWq,laura.lopez@yahoo.es,0.03676940510050239,EMAIL_WE_MISS_YOU_STORYTELLING
003gHzNqkMR1iF8KST,luis.rodriguez@hotmail.com,0.06431640399160084,EMAIL_WE_MISS_YOU_STORYTELLING
003Dv9BNN25l3mDwT6,elena.ruiz@yahoo.es,0.9048172988167537,SMS_RECOVER_CART_20_OFF
0030xQQWgWmjeY9dkh,pedro.gomez@hotmail.com,0.0139302834159223,DO_NOTHING_NEGATIVE_VALUE
003tKpXnxDZpG5CKrQ,juan.perez@hotmail.com,0.0168355983150548,DO_NOTHING_LOW_SCORE
003nUWJiPTmEy8KbQe,sofia.diaz@yahoo.es,0.022192749723199928,DO_NOTHING_LOW_SCORE
003muoJAwA9UN3garD,luis.rodriguez@outlook.com,0.007997175054345598,DO_NOTHING_LOW_SCORE
003n0ll0Pkvx6ZmYwh,carlos.sanchez@gmail.com,0.019526994650659876,DO_NOTHING_LOW_SCORE
003JBx9uUhYaGrEgXk,sofia.diaz@outlook.com,0.023423391047056267,DO_NOTHING_LOW_SCORE
003swc1jmO6DBDYd83,carlos.sanchez@yahoo.es,0.01520614828640409,DO_NOTHING_LOW_SCORE
003G0ytfsaSGl4Ux7P,maria.garcia@gmail.com,0.02976396907267418,EMAIL_WE_MISS_YOU_STORYTELLING
003kcDkjmjNMbKPZrS,maria.garcia@gmail.com,0.9403955594452579,SMS_RECOVER_CART_20_OFF
003CZMD06XXUtGNT0C,carlos.sanchez@hotmail.com,0.02402494866712592,EMAIL_WE_MISS_YOU_STORYTELLING
0030ux8RtypzZKtv4Y,sofia.diaz@yahoo.es,0.03375474427278394,EMAIL_WE_MISS_YOU_STORYTELLING
003kOR8aRLUJwt4KLG,sofia.diaz@outlook.com,0.021948802265456605,EMAIL_WE_MISS_YOU_STORYTELLING
003wl0fqv1DDpxqsgG,maria.garcia@outlook.com,0.10119176521527389,DO_NOTHING_LOW_SCORE
003OBxvj7L6DDe8IFn,luis.rodriguez@outlook.com,0.9918757942267376,SMS_RECOVER_CART_20_OFF
003SAXlNA6JTgvjgsx,maria.garcia@gmail.com,0.05392621833084503,EMAIL_WE_MISS_YOU_STORYTELLING
003Shn4GwXMdDPOVsZ,laura.lopez@gmail.com,0.035253603965246696,DO_NOTHING_LOW_SCORE
003dUYNrlG0bqIHckw,sofia.diaz@hotmail.com,0.9385700718895247,SMS_RECOVER_CART_20_OFF
003lFwcCzLgu510dSC,luis.rodriguez@yahoo.es,0.026503803742294916,EMAIL_WE_MISS_YOU_STORYTELLING
0034PTEsiSL91V8t3c,juan.perez@hotmail.com,0.9514354573401123,SMS_RECOVER_CART_20_OFF
003hL8071URM0HVEV0,sofia.diaz@yahoo.es,0.9549362663219051,SMS_RECOVER_CART_20_OFF
0032uUK874LdC7v3ks,diego.fernandez@yahoo.es,0.009460567432230728,DO_NOTHING_LOW_SCORE
003UQ1pxFmegyeZjBt,pedro.gomez@outlook.com,0.01295045921996928,DO_NOTHING_LOW_SCORE
0039QLM2hvmQTrbxxv,sofia.diaz@hotmail.com,0.03104479753111479,EMAIL_WE_MISS_YOU_STORYTELLING
003pvOc5iL22X8ESNF,diego.fernandez@hotmail.com,0.9428167566362659,SMS_RECOVER_CART_20_OFF
003r7atna8PeQyKSNl,diego.fernandez@hotmail.com,0.9387701390051351,SMS_RECOVER_CART_20_OFF
003f1YL1ywhUsWXH9v,juan.perez@outlook.com,0.010657089019931832,DO_NOTHING_LOW_SCORE
003zDMczzwAvI5LIiN,laura.lopez@yahoo.es,0.02462782629991567,EMAIL_WE_MISS_YOU_STORYTELLING
003xvptlpf78vC1RTy,luis.rodriguez@gmail.com,0.02320561670174963,DO_NOTHING_LOW_SCORE
003HwcOSbyUW7YjpWw,diego.fernandez@outlook.com,0.05799183380314355,EMAIL_WE_MISS_YOU_STORYTELLING
003lcH7q4auPpT5xGo,ana.martinez@gmail.com,0.007519209482173499,DO_NOTHING_LOW_SCORE
003qY2KlflL1gcpsNp,luis.rodriguez@hotmail.com,0.9238193952948508,SMS_RECOVER_CART_20_OFF
003SBams5GBxwinyPS,juan.perez@hotmail.com,0.9245317434857292,SMS_RECOVER_CART_20_OFF
003irlcKA3WuytJ9Uz,ana.martinez@outlook.com,0.8930840864223513,DO_NOTHING_NEGATIVE_VALUE
0036OoaTFzLmgcBx2g,luis.rodriguez@yahoo.es,0.9483007534301542,EMAIL_WEEKLY_NEWSLETTER
003GjQA2Wpa4UCKRzp,luis.rodriguez@yahoo.es,0.06452528752537784,EMAIL_WE_MISS_YOU_STORYTELLING
003sMbQV0l1vSYVBBr,pedro.gomez@yahoo.es,0.02397991120748558,EMAIL_WE_MISS_YOU_STORYTELLING
003qvTjzglat8M1gWF,maria.garcia@yahoo.es,0.9498410022148395,SMS_RECOVER_CART_20_OFF
003va10OaOfuVYlrS0,ana.martinez@gmail.com,0.014533063856316787,DO_NOTHING_LOW_SCORE
003EtLZxttx8GYsgvU,maria.garcia@hotmail.com,0.009707259087959042,DO_NOTHING_LOW_SCORE
003yEcaEAJuxuGwDEB,diego.fernandez@gmail.com,0.01716401409101602,DO_NOTHING_LOW_SCORE
0034DUbHJBpDnrA6Jq,diego.fernandez@gmail.com,0.9410209442177377,SMS_RECOVER_CART_20_OFF
003yIMITZRFe6eQR4o,pedro.gomez@outlook.com,0.03330202900959309,EMAIL_WE_MISS_YOU_STORYTELLING
003BztQZl6W3zH7WsH,luis.rodriguez@yahoo.es,0.028300753430154348,EMAIL_WE_MISS_YOU_STORYTELLING
003hOyzcceVrFiwrNt,pedro.gomez@yahoo.es,0.9394940605038746,EMAIL_WEEKLY_NEWSLETTER
003FEYfUYs38FsDsCY,carlos.sanchez@gmail.com,0.9563379969363087,PUSH_NEW_COLLECTION_NO_PROMO
003nRlLW1VXLCQ9Z69,juan.perez@hotmail.com,0.029972241697592467,EMAIL_WE_MISS_YOU_STORYTELLING
0036EWtSZut9suxEGi,diego.fernandez@hotmail.com,0.044288963428884234,EMAIL_WE_MISS_YOU_STORYTELLING
003oQwcd6FyCPOQkXB,elena.ruiz@hotmail.com,0.02329899333443782,EMAIL_WE_MISS_YOU_STORYTELLING
003TmzCwkkwjI3HytL,elena.ruiz@hotmail.com,0.025091651194435734,EMAIL_WE_MISS_YOU_STORYTELLING
003hdYgHgtmzTmApuM,carlos.sanchez@yahoo.es,0.017484729489743243,DO_NOTHING_LOW_SCORE
0035oWRJo6WX4NoyZQ,diego.fernandez@hotmail.com,0.9439470600680275,SMS_RECOVER_CART_20_OFF
003nmPCBqpw1oeJ8Dy,elena.ruiz@outlook.com,0.03807258909853249,EMAIL_WE_MISS_YOU_STORYTELLING
003vCthQpuO5IAo2SM,diego.fernandez@gmail.com,0.023164014091016014,DO_NOTHING_LOW_SCORE
003HyI2yFjwI6iz6yO,ana.martinez@outlook.com,0.021212283485968566,DO_NOTHING_LOW_SCORE
003BiOk9zMMbxzq7Kn,ana.martinez@hotmail.com,0.031233398732967235,EMAIL_WE_MISS_YOU_STORYTELLING
0037spIOuxjmdYYJkK,luis.rodriguez@yahoo.es,0.023136632622271506,DO_NOTHING_NEGATIVE_VALUE
003y30HzLYwK0f68L6,luis.rodriguez@gmail.com,0.023072562256195184,EMAIL_WE_MISS_YOU_STORYTELLING
003A9eTfnu7LjHzmfr,maria.garcia@hotmail.com,0.9639969803022109,PUSH_NEW_COLLECTION_NO_PROMO
003boENKIKlejPR58e,pedro.gomez@yahoo.es,0.02614356793800682,EMAIL_WE_MISS_YOU_STORYTELLING
0034JfCpyYs1qeNDWj,pedro.gomez@yahoo.es,0.020548253154061235,DO_NOTHING_LOW_SCORE
003SLm8f681843Vpo4,maria.garcia@hotmail.com,0.9121604446449885,EMAIL_WEEKLY_NEWSLETTER
003coMgp2WuSqyzkz1,luis.rodriguez@yahoo.es,0.017279816694209405,EMAIL_WE_MISS_YOU_STORYTELLING
003FawnXJRYcErVvGo,diego.fernandez@hotmail.com,0.06161814894924623,EMAIL_WE_MISS_YOU_STORYTELLING
003tL2MVIfnKwvCs5T,diego.fernandez@hotmail.com,0.01825432822413288,DO_NOTHING_LOW_SCORE
00327wlQzyOJ37IVJo,juan.perez@gmail.com,0.9392834723510489,SMS_RECOVER_CART_20_OFF
003qL6wQXqtEEOZbJt,carlos.sanchez@gmail.com,0.020302789570776945,DO_NOTHING_LOW_SCORE
003AzOoAMUnuiS8mGs,carlos.sanchez@hotmail.com,0.011869855041539012,DO_NOTHING_LOW_SCORE
003ZxV18571ix13sUf,luis.rodriguez@hotmail.com,0.02696546271058114,EMAIL_WE_MISS_YOU_STORYTELLING
003MosUxtHH406oDm0,pedro.gomez@outlook.com,0.9399111086860654,SMS_RECOVER_CART_20_OFF
003JjrTvEorh83YW0O,elena.ruiz@gmail.com,0.932475826187469,SMS_RECOVER_CART_20_OFF
003Uif8EZDphg3mGTT,juan.perez@gmail.com,0.024765757334398435,EMAIL_WE_MISS_YOU_STORYTELLING
0032CEqMdV38YVSQlc,pedro.gomez@hotmail.com,0.022576993090369403,DO_NOTHING_LOW_SCORE
003wY8UBLpZy5egefq,diego.fernandez@yahoo.es,0.009477064030870183,DO_NOTHING_LOW_SCORE
003Mwe3i16leWiInMV,elena.ruiz@outlook.com,0.9477957091157703,SMS_RECOVER_CART_20_OFF
003WzNj9zHJ60XvUcc,sofia.diaz@yahoo.es,0.9585828596133098,SMS_RECOVER_CART_20_OFF
003XvsyZLd9zuaVX7K,pedro.gomez@hotmail.com,0.9380608032450728,SMS_RECOVER_CART_20_OFF
003NvgYhIYw9oUhVpo,elena.ruiz@hotmail.com,0.01624063104502478,DO_NOTHING_LOW_SCORE
003OoufRnpJmicEwTj,laura.lopez@hotmail.com,0.03210319860023637,EMAIL_WE_MISS_YOU_STORYTELLING
0036X35jz1Pk6AVGnk,diego.fernandez@yahoo.es,0.93877239538922,SMS_RECOVER_CART_20_OFF
003B6gFQG87Z5vOJyO,sofia.diaz@gmail.com,0.9623719803022109,SMS_RECOVER_CART_20_OFF
003lCfel85lrrPVyGd,diego.fernandez@yahoo.es,0.027548802265456605,EMAIL_WE_MISS_YOU_STORYTELLING
003fhQ2zPShhFdjweR,ana.martinez@hotmail.com,0.9556390659387646,SMS_RECOVER_CART_20_OFF
003H1425chey1a4ZRI,maria.garcia@yahoo.es,0.019262021270003264,DO_NOTHING_LOW_SCORE
003UzOlqjn14XS8eO8,ana.martinez@gmail.com,0.02308408642235116,DO_NOTHING_NEGATIVE_VALUE
0031sv8Fo2qQX1ZcyG,laura.lopez@yahoo.es,0.014428724542851353,DO_NOTHING_LOW_SCORE
003rEAPe19ASDKpEkP,pedro.gomez@gmail.com,0.9548009544261512,SMS_RECOVER_CART_20_OFF
003IG13onaNkcOJl4e,maria.garcia@hotmail.com,0.03878950907167601,EMAIL_WE_MISS_YOU_STORYTELLING
003sAVbBjdlMuiHqMI,juan.perez@yahoo.es,0.08428468345276743,EMAIL_WE_MISS_YOU_STORYTELLING
003sqNya7ekijAKHer,laura.lopez@hotmail.com,0.9243742076076725,SMS_RECOVER_CART_20_OFF
003l0ty2TCfD51GZ1Q,sofia.diaz@gmail.com,0.03304870504044514,EMAIL_WE_MISS_YOU_STORYTELLING
003TxEJuzQk22l9dFl,laura.lopez@yahoo.es,0.025538309608675185,DO_NOTHING_LOW_SCORE
003XS3CORiGBIWpXmU,diego.fernandez@gmail.com,0.009028945950629922,DO_NOTHING_LOW_SCORE
003HjD7q5aDgcnqs3w,juan.perez@yahoo.es,0.9600602191585311,PUSH_NEW_COLLECTION_NO_PROMO
003IvTq0JqvT1dTtw1,juan.perez@gmail.com,0.013103824269374493,DO_NOTHING_LOW_SCORE
0036j8dktqE0h3Nsyi,ana.martinez@yahoo.es,0.9396591493230776,SMS_RECOVER_CART_20_OFF
003hb5ppqSo3T2txOl,maria.garcia@gmail.com,0.03830075343015435,EMAIL_WE_MISS_YOU_STORYTELLING
003rPTHJvBopcjMKGW,pedro.gomez@yahoo.es,0.9365121491766883,SMS_RECOVER_CART_20_OFF
003mro6PSJhpeCvDtd,elena.ruiz@hotmail.com,0.012871124634177531,DO_NOTHING_LOW_SCORE
003JNY9sFS7EGY88Vk,carlos.sanchez@outlook.com,0.9255351165702886,EMAIL_WEEKLY_NEWSLETTER
003nsDCPDlLIZXmBwo,pedro.gomez@outlook.com,0.9635330494658392,SMS_RECOVER_CART_20_OFF
003uHAYdG8kB8rryJo,luis.rodriguez@yahoo.es,0.02001361674925563,EMAIL_WE_MISS_YOU_STORYTELLING
003kPD9wvqLeEDrD7O,ana.martinez@hotmail.com,0.9357454574110498,SMS_RECOVER_CART_20_OFF
003pyE7n3Gqzn80fdO,juan.perez@gmail.com,0.041730355175214943,EMAIL_WE_MISS_YOU_STORYTELLING
003tg2efp0r6sU1jLN,laura.lopez@gmail.com,0.03624428784787103,EMAIL_WE_MISS_YOU_STORYTELLING
003j1FtiRZDuzlrZZl,elena.ruiz@hotmail.com,0.9777392557651992,PUSH_NEW_COLLECTION_NO_PROMO
003r4vAglhA78GwOBR,juan.perez@gmail.com,0.04160273843383571,EMAIL_WE_MISS_YOU_STORYTELLING
003ikhIwDl6D2y8jTX,maria.garcia@outlook.com,0.014338893548149908,DO_NOTHING_LOW_SCORE
003Gryd8QVc1eT4bGh,pedro.gomez@gmail.com,0.021714928013906194,EMAIL_WE_MISS_YOU_STORYTELLING
003RbbweA9UYswewCm,juan.perez@yahoo.es,0.013655803910392048,DO_NOTHING_NEGATIVE_VALUE
003Xonk6NX1ffxG2No,maria.garcia@yahoo.es,0.010874094539644765,DO_NOTHING_LOW_SCORE
003kSnAhtonRnS4kDU,ana.martinez@gmail.com,0.9263833421639209,SMS_RECOVER_CART_20_OFF
003T5e9NC6yzmqZkGe,ana.martinez@yahoo.es,0.9724570709422404,SMS_RECOVER_CART_20_OFF
003ipJP1yKQgeoAsHE,carlos.sanchez@hotmail.com,0.013330894002577974,DO_NOTHING_LOW_SCORE
00385145b2rZ1re0lQ,elena.ruiz@hotmail.com,0.033125,EMAIL_WE_MISS_YOU_STORYTELLING
003wgxxRrZ8cjaHwV3,ana.martinez@outlook.com,0.9483025574827114,EMAIL_WEEKLY_NEWSLETTER
00361qj4cBFcRhIFpD,pedro.gomez@yahoo.es,0.022200245975073987,DO_NOTHING_LOW_SCORE
003utcLtJWKcakUWec,diego.fernandez@outlook.com,0.021930740453692237,DO_NOTHING_LOW_SCORE
003mrFFSHsFHcpocIY,pedro.gomez@hotmail.com,0.9429810946894116,EMAIL_WEEKLY_NEWSLETTER
003R9RcJYq7pvGYpbd,elena.ruiz@hotmail.com,0.02112894021020714,DO_NOTHING_LOW_SCORE
003uJGiK619xFi2cFR,ana.martinez@yahoo.es,0.9823225890985324,SMS_RECOVER_CART_20_OFF
003E6Wka00NNzBBkx2,ana.martinez@hotmail.com,0.9020699659556048,DO_NOTHING_NEGATIVE_VALUE
0033V5xx93pDlbEMOI,juan.perez@outlook.com,0.028245439587735927,DO_NOTHING_LOW_SCORE
003ix3nAuWk6AliT9R,maria.garcia@yahoo.es,0.03089667975665491,EMAIL_WE_MISS_YOU_STORYTELLING
0038uHrUz8eA9owAEN,pedro.gomez@hotmail.com,0.029576891546724868,EMAIL_WE_MISS_YOU_STORYTELLING
003UgvaU9niH6ppVOv,laura.lopez@yahoo.es,0.03749014660651993,DO_NOTHING_LOW_SCORE
003XnyACJYS9Q3af3v,sofia.diaz@gmail.com,0.9618695805379893,SMS_RECOVER_CART_20_OFF
003KBnNPhmfBL8457G,pedro.gomez@yahoo.es,0.020548253154061235,DO_NOTHING_LOW_SCORE
003gHLpTSHslB3Ulde,diego.fernandez@outlook.com,0.014807027268511361,DO_NOTHING_LOW_SCORE
003r6dcnsKjun9qNYZ,diego.fernandez@hotmail.com,0.9037721832207368,DO_NOTHING_NEGATIVE_VALUE
003mS8TVrbguxj4EHZ,laura.lopez@gmail.com,0.02798867829148616,DO_NOTHING_LOW_SCORE
003Ewc6nHWuzSfXnLa,luis.rodriguez@hotmail.com,0.9551641100476167,SMS_RECOVER_CART_20_OFF
003r3xDt0jlnYRKV3i,elena.ruiz@hotmail.com,0.02388399688901064,DO_NOTHING_LOW_SCORE
003qAJaShrs8C0vkH8,diego.fernandez@gmail.com,0.9584680133071855,SMS_RECOVER_CART_20_OFF
003qFbbm7cYt1QvX4S,sofia.diaz@yahoo.es,0.9335967160968065,SMS_RECOVER_CART_20_OFF
003i4AcrwSUsfr3Ap8,diego.fernandez@hotmail.com,0.007519209482173499,DO_NOTHING_LOW_SCORE
003DrtXUpSmPsgMN98,laura.lopez@hotmail.com,0.014061570331080391,DO_NOTHING_LOW_SCORE
003KwwWDYRft83NCQb,carlos.sanchez@outlook.com,0.02756904774794891,EMAIL_WE_MISS_YOU_STORYTELLING
003IllRclHu3hCQWe9,pedro.gomez@gmail.com,0.011460189889909454,DO_NOTHING_LOW_SCORE
003KG2KjPldg2rDWll,laura.lopez@yahoo.es,0.020278950152635235,DO_NOTHING_LOW_SCORE
003eSgHa6QB5PDNc1K,diego.fernandez@outlook.com,0.0463514342470947,EMAIL_WE_MISS_YOU_STORYTELLING
003Q4LZilZCayekOwn,pedro.gomez@hotmail.com,0.01843906205588664,DO_NOTHING_LOW_SCORE
00347LDQCIyleWSV9X,carlos.sanchez@gmail.com,0.9704193322016643,PUSH_NEW_COLLECTION_NO_PROMO
0031zGb23segMdT9xU,elena.ruiz@outlook.com,0.024099306996768502,DO_NOTHING_LOW_SCORE
00313g6QHYoN7FYJQf,pedro.gomez@hotmail.com,0.9365121491766883,SMS_RECOVER_CART_20_OFF
003MHYtDFPD9d28YSU,pedro.gomez@yahoo.es,0.02552425123181531,EMAIL_WE_MISS_YOU_STORYTELLING
003DsF0UiRhHDONaoz,elena.ruiz@gmail.com,0.02839520202020202,EMAIL_WE_MISS_YOU_STORYTELLING
0030lZAmma9SoNsEou,pedro.gomez@gmail.com,0.02027874763267948,DO_NOTHING_LOW_SCORE
003Gl2laaQRxP8RHUf,luis.rodriguez@outlook.com,0.9192943966714888,SMS_RECOVER_CART_20_OFF
003dfPaqCc4j39HVwP,sofia.diaz@outlook.com,0.010879030648540707,DO_NOTHING_LOW_SCORE
003kUHVHE8xiQjrPNs,elena.ruiz@yahoo.es,0.9391527491513466,EMAIL_WEEKLY_NEWSLETTER
003Z5KCeXY0c42hVkz,sofia.diaz@gmail.com,0.02410801455756958,DO_NOTHING_LOW_SCORE
003Ut6oBvsGWB5YF99,ana.martinez@gmail.com,0.03355663393097416,EMAIL_WE_MISS_YOU_STORYTELLING
003wDs6Yrwj4dLoTwL,juan.perez@hotmail.com,0.9537722187839519,SMS_RECOVER_CART_20_OFF
0032z7F8OdLC71oAs4,maria.garcia@yahoo.es,0.013337986258147548,DO_NOTHING_LOW_SCORE
003GemwOwn7z4DkyiT,ana.martinez@hotmail.com,0.01422579570021142,DO_NOTHING_LOW_SCORE
003BqbOqgfYXH3BDTA,maria.garcia@yahoo.es,0.02269322729933352,EMAIL_WE_MISS_YOU_STORYTELLING
003xioiNli2ffaUUWR,sofia.diaz@outlook.com,0.00883420688801304,DO_NOTHING_LOW_SCORE
003xRCFxckvbceyG9o,ana.martinez@hotmail.com,0.023601688370919794,EMAIL_WE_MISS_YOU_STORYTELLING
003ljJsCbuM4s7mY7E,laura.lopez@yahoo.es,0.02569495968829523,EMAIL_WE_MISS_YOU_STORYTELLING
0033Islk5DOuGaE0IW,elena.ruiz@yahoo.es,0.06538234293039567,EMAIL_WE_MISS_YOU_STORYTELLING
003n2f9LAkjdij031q,juan.perez@yahoo.es,0.020823220445671677,DO_NOTHING_LOW_SCORE
0031XtKWaEWx8dS99t,elena.ruiz@hotmail.com,0.0750725890985325,DO_NOTHING_LOW_SCORE
003u4NlByGaP47giSB,maria.garcia@hotmail.com,0.05124001136257786,EMAIL_WE_MISS_YOU_STORYTELLING
003bpCQXQI55PCoDm1,diego.fernandez@hotmail.com,0.94411639718965,SMS_RECOVER_CART_20_OFF
003jEtl9sp5AVB0BPl,sofia.diaz@hotmail.com,0.9372289816072579,SMS_RECOVER_CART_20_OFF
003hyDyr58d6jrgrb1,ana.martinez@outlook.com,0.023001622541945918,EMAIL_WE_MISS_YOU_STORYTELLING
003Ni0N7neOqUs9X2N,carlos.sanchez@hotmail.com,0.00785749881347888,DO_NOTHING_LOW_SCORE
003he155mVTGkFCPPd,luis.rodriguez@outlook.com,0.016843225924492854,DO_NOTHING_LOW_SCORE
003BwApBSznb7OhCbG,ana.martinez@gmail.com,0.043728892778591245,EMAIL_WE_MISS_YOU_STORYTELLING
003MLn0NT3aamc8PNm,pedro.gomez@yahoo.es,0.02291511313545356,EMAIL_WE_MISS_YOU_STORYTELLING
003gcbF5p0TeIWYyMD,ana.martinez@yahoo.es,0.03533027838486577,EMAIL_WE_MISS_YOU_STORYTELLING
003IajdfcJSRMiPbPu,diego.fernandez@outlook.com,0.9444191022425815,SMS_RECOVER_CART_20_OFF
0035NS2O793IdMeuAg,luis.rodriguez@hotmail.com,0.9287539657079514,SMS_RECOVER_CART_20_OFF
0037EXyh5nBLR5dgtY,sofia.diaz@yahoo.es,0.026883013183254954,EMAIL_WE_MISS_YOU_STORYTELLING
0031MsXRtUOnVNVlss,juan.perez@gmail.com,0.016504652924814213,DO_NOTHING_LOW_SCORE
003LalCLODF5m9HzJr,sofia.diaz@gmail.com,0.9240200666477815,EMAIL_WEEKLY_NEWSLETTER
003U2vmBGpT54YZWNs,carlos.sanchez@outlook.com,0.9292037229848107,EMAIL_WEEKLY_NEWSLETTER
003GfbHcxw3Ko9D3TS,diego.fernandez@gmail.com,0.03375474427278394,EMAIL_WE_MISS_YOU_STORYTELLING
003j5jwxsOGoID93Ci,pedro.gomez@yahoo.es,0.9555242512318152,SMS_RECOVER_CART_20_OFF
003Kq3TLIMQzbEaZph,maria.garcia@gmail.com,0.025194148958319697,EMAIL_WE_MISS_YOU_STORYTELLING
003cYePKyUQeh0Szka,juan.perez@hotmail.com,0.022766725582480087,DO_NOTHING_LOW_SCORE
003sVR5Puo8EE7njRq,juan.perez@gmail.com,0.010429237508957072,DO_NOTHING_LOW_SCORE
003N1fUmwF4X4UuWGE,diego.fernandez@hotmail.com,0.9379470600680275,SMS_RECOVER_CART_20_OFF
003ZsEHPgaFsTIjJD8,elena.ruiz@outlook.com,0.018627586632600387,DO_NOTHING_LOW_SCORE
003VRCAJp83Ex2aTKd,sofia.diaz@outlook.com,0.9658941605769503,PUSH_NEW_COLLECTION_NO_PROMO
003mqDKNTCTXtKDjOg,laura.lopez@hotmail.com,0.042408544075879406,EMAIL_WE_MISS_YOU_STORYTELLING
003fLbrDAPMZToEZpZ,elena.ruiz@hotmail.com,0.013648548428845782,DO_NOTHING_LOW_SCORE
003DMmEcdGDxz8OjAW,luis.rodriguez@yahoo.es,0.026503803742294916,EMAIL_WE_MISS_YOU_STORYTELLING
003oDVHiqT4V7NrGvY,sofia.diaz@yahoo.es,0.006736163505162005,DO_NOTHING_LOW_SCORE
003HD75UIH3GkE4Ynr,sofia.diaz@outlook.com,0.02599088636916266,DO_NOTHING_LOW_SCORE
003CV3WbatuBp6m3de,diego.fernandez@hotmail.com,0.01232320095670759,DO_NOTHING_LOW_SCORE
003msRumOowiVdsQoV,ana.martinez@outlook.com,0.023418289208612587,EMAIL_WE_MISS_YOU_STORYTELLING
003dx95wDCVSPscadd,laura.lopez@gmail.com,0.09339618872512383,EMAIL_WE_MISS_YOU_STORYTELLING
003MtC33xO07aFjYnp,ana.martinez@hotmail.com,0.02431688598247818,DO_NOTHING_LOW_SCORE
003fzI3nuAm1buW8O0,sofia.diaz@outlook.com,0.9211936613173266,EMAIL_WEEKLY_NEWSLETTER
003UV2E4GbMqBznUYw,ana.martinez@gmail.com,0.012782607859964757,DO_NOTHING_LOW_SCORE
003WDsreE3Kw2gzSpd,maria.garcia@outlook.com,0.014397783604268452,EMAIL_WE_MISS_YOU_STORYTELLING
003SRdCm9yZkLKJOle,carlos.sanchez@hotmail.com,0.9503034296121347,SMS_RECOVER_CART_20_OFF
003JYxO6COx7t7drdF,ana.martinez@gmail.com,0.9383007534301542,SMS_RECOVER_CART_20_OFF
0039l3hGqxPOyx69h5,diego.fernandez@yahoo.es,0.009477064030870183,DO_NOTHING_LOW_SCORE
003fNkPJjEzJEVeQvE,maria.garcia@yahoo.es,0.022541921067760203,DO_NOTHING_LOW_SCORE
0034f7f5ZV1PyfygqA,elena.ruiz@outlook.com,0.9733833333333333,SMS_RECOVER_CART_20_OFF
003FcXudse4L5zEJAY,pedro.gomez@yahoo.es,0.951652447670074,SMS_RECOVER_CART_20_OFF
003Y2W6k0lSEotJC3J,ana.martinez@outlook.com,0.027416945678487726,DO_NOTHING_LOW_SCORE
003eLHmSyWn5zZN2Wq,elena.ruiz@hotmail.com,0.9739892557651991,SMS_RECOVER_CART_20_OFF
003tTu4oQtMLaDNxCU,pedro.gomez@outlook.com,0.018062314940591233,DO_NOTHING_LOW_SCORE
003UY6J2n6ZLR5DsOl,sofia.diaz@gmail.com,0.01957725212276445,EMAIL_WE_MISS_YOU_STORYTELLING
003IhyNvQaqSNkoOPt,luis.rodriguez@hotmail.com,0.015623516950873849,DO_NOTHING_LOW_SCORE
003GEmm2RJga3M10iL,elena.ruiz@hotmail.com,0.012871124634177531,DO_NOTHING_LOW_SCORE
003CYrPyD6ICzvW5Gp,luis.rodriguez@hotmail.com,0.9629227307372719,SMS_RECOVER_CART_20_OFF
0032kgBibGfwhgoBcr,sofia.diaz@outlook.com,0.022298730115384455,EMAIL_WE_MISS_YOU_STORYTELLING
0033N8XfR76EoXxEBm,diego.fernandez@yahoo.es,0.9486390405978433,SMS_RECOVER_CART_20_OFF
003plsOvN0HlKuCKrD,laura.lopez@outlook.com,0.06733636649271459,EMAIL_WE_MISS_YOU_STORYTELLING
003hraJ6QPIFbRGp0O,sofia.diaz@gmail.com,0.9828480164489598,SMS_RECOVER_CART_20_OFF
003dc6R2r9XYgfmSKy,maria.garcia@hotmail.com,0.009707259087959042,DO_NOTHING_LOW_SCORE
0030vLdGM8FAkNZ7tv,laura.lopez@hotmail.com,0.09619720230646274,EMAIL_WE_MISS_YOU_STORYTELLING
0037Pvb4J1cmKdzZIV,pedro.gomez@hotmail.com,0.03949406050387461,DO_NOTHING_LOW_SCORE
0039rYc9OsKdmtoz1n,juan.perez@outlook.com,0.922370510319158,EMAIL_WEEKLY_NEWSLETTER
003rDsSxFnL7mTKdic,ana.martinez@outlook.com,0.0479763521148855,EMAIL_WE_MISS_YOU_STORYTELLING
0034SM6d8h03c91idB,luis.rodriguez@outlook.com,0.033992803414473534,EMAIL_WE_MISS_YOU_STORYTELLING
003DkCVh5A5vmkxBpd,juan.perez@gmail.com,0.9565046529248141,SMS_RECOVER_CART_20_OFF
003Uu6unpg1NH6mNYi,maria.garcia@outlook.com,0.007967707112006334,DO_NOTHING_LOW_SCORE
003oNaiARMTgfO64t6,juan.perez@hotmail.com,0.9359587349815002,SMS_RECOVER_CART_20_OFF
0039wzx6Kn4dQQPsTo,juan.perez@gmail.com,0.9360640857392827,DO_NOTHING_NEGATIVE_VALUE
003qIL43vTab1STc8X,sofia.diaz@hotmail.com,0.909202022397787,SMS_RECOVER_CART_20_OFF
003dLo44Afp8KbxLTj,carlos.sanchez@hotmail.com,0.04456922758889051,EMAIL_WE_MISS_YOU_STORYTELLING
003xAzGrtMEYJ4C0S5,carlos.sanchez@yahoo.es,0.041798695237704075,EMAIL_WE_MISS_YOU_STORYTELLING
003BDmmmboV0SNmtRS,elena.ruiz@gmail.com,0.9143793804380134,SMS_RECOVER_CART_20_OFF
003bYMuSWxF3m2XObi,ana.martinez@outlook.com,0.9118603141914114,SMS_RECOVER_CART_20_OFF
003qgnc3uKHsZW0Bda,laura.lopez@yahoo.es,0.9469019113124023,SMS_RECOVER_CART_20_OFF
003NPZ4vhAaLIpjIg4,sofia.diaz@yahoo.es,0.03210073051651366,EMAIL_WE_MISS_YOU_STORYTELLING
003S5BfFFB015JfqGh,carlos.sanchez@yahoo.es,0.9140066199219387,SMS_RECOVER_CART_20_OFF
003n0vc4cGxnL4ggaL,maria.garcia@hotmail.com,0.033028531912541265,DO_NOTHING_LOW_SCORE
003f3oMlRgeI1nyit5,ana.martinez@gmail.com,0.010165605878569897,DO_NOTHING_LOW_SCORE
003GGZwJJEtY6hhVb1,juan.perez@outlook.com,0.020242888567327765,DO_NOTHING_LOW_SCORE
0032riYTrmlZvbLyGd,carlos.sanchez@yahoo.es,0.9914688309285979,SMS_RECOVER_CART_20_OFF
003zdCsKWycWniB5Qm,carlos.sanchez@hotmail.com,0.021989137243725376,DO_NOTHING_NEGATIVE_VALUE
0037KMa1BOqNBuNw6V,elena.ruiz@hotmail.com,0.0314297892257878,EMAIL_WE_MISS_YOU_STORYTELLING
003b2FNeXIi1bOHMqJ,ana.martinez@outlook.com,0.0175192094821735,DO_NOTHING_LOW_SCORE
003mZxzcPrSMcUmO4A,pedro.gomez@gmail.com,0.016438403288941278,DO_NOTHING_NEGATIVE_VALUE
003gVC3OxwNOJoVjpX,luis.rodriguez@gmail.com,0.04436864979102841,EMAIL_WE_MISS_YOU_STORYTELLING
0038OwRRjTbFf9GkZX,laura.lopez@outlook.com,0.04555461149160975,EMAIL_WE_MISS_YOU_STORYTELLING
003GnvZY80NdBmssYg,maria.garcia@hotmail.com,0.016958098239185943,EMAIL_WE_MISS_YOU_STORYTELLING
0035hZVI8afRo7yoJ2,carlos.sanchez@outlook.com,0.9412400113625777,EMAIL_WEEKLY_NEWSLETTER
003cVmndVj1PqDNeX4,sofia.diaz@gmail.com,0.013569308079858787,DO_NOTHING_LOW_SCORE
003Zn9zMwsUaIFju33,maria.garcia@gmail.com,0.9116181489492462,EMAIL_WEEKLY_NEWSLETTER
003QzJiUj7WugMYujh,laura.lopez@yahoo.es,0.03617957826067555,EMAIL_WE_MISS_YOU_STORYTELLING
003mZFzMKGngVvH0fI,juan.perez@hotmail.com,0.013886870246385987,DO_NOTHING_LOW_SCORE
003OJ21SLEW12oDy7a,sofia.diaz@yahoo.es,0.010874094539644765,DO_NOTHING_LOW_SCORE
0031Hx014jFXhI0Vax,ana.martinez@hotmail.com,0.012782607859964757,DO_NOTHING_LOW_SCORE
003wI3HI1f1zl8FR0N,elena.ruiz@gmail.com,0.02140373113015935,DO_NOTHING_LOW_SCORE
003LSFPOyeVuzFRrug,carlos.sanchez@hotmail.com,0.8975406596626669,SMS_RECOVER_CART_20_OFF
003xe0MEGveYxkM4hl,ana.martinez@gmail.com,0.0561987104337064,EMAIL_WE_MISS_YOU_STORYTELLING
003k1BsH91wUiae554,luis.rodriguez@yahoo.es,0.012461635284888216,DO_NOTHING_LOW_SCORE
003Chl8i4UoAuiSNIQ,carlos.sanchez@outlook.com,0.03579537123533699,EMAIL_WE_MISS_YOU_STORYTELLING
003n3aWY7HaNWelKCP,laura.lopez@yahoo.es,0.9559823944757301,SMS_RECOVER_CART_20_OFF
003CL4MDxjlAmieqMf,ana.martinez@gmail.com,0.016849805767608493,DO_NOTHING_LOW_SCORE
00359AFn4CpDhRRG7v,ana.martinez@outlook.com,0.9430016225419459,SMS_RECOVER_CART_20_OFF
003kq1i1Y6CUbflCei,carlos.sanchez@hotmail.com,0.011475917292630306,DO_NOTHING_LOW_SCORE
003hCNVAEAG0dxQ8rV,juan.perez@gmail.com,0.02720677366833673,EMAIL_WE_MISS_YOU_STORYTELLING
003pXluTdw07tTT9xx,pedro.gomez@gmail.com,0.014807027268511361,DO_NOTHING_LOW_SCORE
003Q4V9EBB8cJs2RzL,laura.lopez@outlook.com,0.01651214917668828,DO_NOTHING_LOW_SCORE
003qDfwVEBlKtLs8FQ,sofia.diaz@hotmail.com,0.05608946661793233,EMAIL_WE_MISS_YOU_STORYTELLING
003QynNPb4rs3u2yMx,ana.martinez@gmail.com,0.02836681323830118,EMAIL_WE_MISS_YOU_STORYTELLING
003TKdgnYd9OKpAb7l,maria.garcia@outlook.com,0.013005104218464543,DO_NOTHING_LOW_SCORE
0031uLsRSlAOkQ5zoW,pedro.gomez@gmail.com,0.02592812881801608,EMAIL_WE_MISS_YOU_STORYTELLING
003t905XK1EHyQX2Sk,ana.martinez@gmail.com,0.010862161995668626,DO_NOTHING_LOW_SCORE
003I7djCMj8d5X7pSa,maria.garcia@gmail.com,0.035745457411049605,DO_NOTHING_LOW_SCORE
003Nwdic6YHYJrxG0I,carlos.sanchez@outlook.com,0.010236151556168088,DO_NOTHING_LOW_SCORE
003A9J2PpBs8IiQPRx,diego.fernandez@yahoo.es,0.9443203474629034,SMS_RECOVER_CART_20_OFF
003MY5MtAu0QKJGBsG,sofia.diaz@outlook.com,0.03988097637801414,EMAIL_WE_MISS_YOU_STORYTELLING
003bBypD2CcO2lZNhm,laura.lopez@gmail.com,0.9091873245129825,SMS_RECOVER_CART_20_OFF
003zgixAN83MSPGLLr,carlos.sanchez@gmail.com,0.9514832632654121,PUSH_NEW_COLLECTION_NO_PROMO
003A19Qg1pgss7HCeQ,elena.ruiz@hotmail.com,0.021664963418247005,EMAIL_WE_MISS_YOU_STORYTELLING
003jdjh77Dou8Qp2No,elena.ruiz@hotmail.com,0.031310214975617916,EMAIL_WE_MISS_YOU_STORYTELLING
003tIWiz9RwCQeBMqV,maria.garcia@hotmail.com,0.9237072590879591,EMAIL_WEEKLY_NEWSLETTER
003dArGv4Ed1mnkQns,ana.martinez@gmail.com,0.014533063856316787,DO_NOTHING_LOW_SCORE
003IvaBsyai2AaOb1U,laura.lopez@yahoo.es,0.02493648685568964,DO_NOTHING_LOW_SCORE
003Ud7UOTafRX01gmi,maria.garcia@outlook.com,0.9704193322016643,PUSH_NEW_COLLECTION_NO_PROMO
003CZUCPDhq8olX9Rj,maria.garcia@gmail.com,0.0685333774726572,DO_NOTHING_LOW_SCORE
003jztrXN9uz87xXBy,sofia.diaz@gmail.com,0.9358264509206718,SMS_RECOVER_CART_20_OFF
003zh9u1qmngONYKCG,pedro.gomez@gmail.com,0.009078818223117444,DO_NOTHING_LOW_SCORE
003wpj2vok8MdJV6eU,diego.fernandez@yahoo.es,0.027898730115384452,EMAIL_WE_MISS_YOU_STORYTELLING
003Iyq0NMw33c440Kp,laura.lopez@hotmail.com,0.029911108686065346,EMAIL_WE_MISS_YOU_STORYTELLING
003zylZCSDJjZpiw1n,sofia.diaz@yahoo.es,0.9355512918154626,SMS_RECOVER_CART_20_OFF
003SwEDrSHc2vfXD0w,laura.lopez@outlook.com,0.029879034153675602,EMAIL_WE_MISS_YOU_STORYTELLING
003UydEgO9I7RoooFV,ana.martinez@outlook.com,0.9553745593540158,SMS_RECOVER_CART_20_OFF
003FeEKBpQMSy9gsm5,laura.lopez@gmail.com,0.9411024566696814,SMS_RECOVER_CART_20_OFF
003gIdKOi5gSUUiUpl,ana.martinez@gmail.com,0.025551291815462552,EMAIL_WE_MISS_YOU_STORYTELLING
003DrBp3NJcXZvK405,maria.garcia@yahoo.es,0.009841002214839425,DO_NOTHING_LOW_SCORE
003SA37MjFCUHwibQH,carlos.sanchez@outlook.com,0.03637364544909834,EMAIL_WE_MISS_YOU_STORYTELLING
003dCifUoxNsrWUile,ana.martinez@yahoo.es,0.9334418804380133,SMS_RECOVER_CART_20_OFF
003h9ID27YGycbCe3O,carlos.sanchez@hotmail.com,0.013330894002577974,DO_NOTHING_LOW_SCORE
003xr5lkyVX5HBJe46,maria.garcia@gmail.com,0.02976396907267418,EMAIL_WE_MISS_YOU_STORYTELLING
003UZg374TTxj9W0Pf,laura.lopez@outlook.com,0.9565999228283886,PUSH_NEW_COLLECTION_NO_PROMO
003B54iVsH2A6PUsfA,diego.fernandez@gmail.com,0.010489984911668884,DO_NOTHING_LOW_SCORE
0034Es5SZMOC1zTduy,juan.perez@yahoo.es,0.007967707112006334,DO_NOTHING_NEGATIVE_VALUE
003MJigYHFeK0cY1az,sofia.diaz@hotmail.com,0.013859550129060188,DO_NOTHING_LOW_SCORE
003ucGRVYKKtvzpVOF,luis.rodriguez@yahoo.es,0.016863150027542743,EMAIL_WE_MISS_YOU_STORYTELLING
003GkUY9QwRwNVj0Oi,laura.lopez@gmail.com,0.02177410150052972,DO_NOTHING_LOW_SCORE
003dIZwbNPsuSzvC8F,ana.martinez@gmail.com,0.028300753430154348,EMAIL_WE_MISS_YOU_STORYTELLING
003LKelrn3JDjJUq1k,ana.martinez@outlook.com,0.06801940510050239,EMAIL_WE_MISS_YOU_STORYTELLING
0036EcH7IJXaliZnkf,diego.fernandez@outlook.com,0.9443586641346076,SMS_RECOVER_CART_20_OFF
003XsVfqL4yNgDR6kG,carlos.sanchez@yahoo.es,0.03268183260530006,EMAIL_WE_MISS_YOU_STORYTELLING
003kvaY2RmhlTXjp9f,sofia.diaz@gmail.com,0.016429552364895197,EMAIL_WE_MISS_YOU_STORYTELLING
00359krhPGD1584hEg,sofia.diaz@hotmail.com,0.09887295324092797,EMAIL_WE_MISS_YOU_STORYTELLING
003KLFAjfdSorIOF6O,diego.fernandez@outlook.com,0.016498068267066766,DO_NOTHING_LOW_SCORE
003ULUahIg62xXk6Jn,diego.fernandez@yahoo.es,0.9683079461358076,SMS_RECOVER_CART_20_OFF
003vZuinCza46EgF5i,ana.martinez@yahoo.es,0.024402739066667282,DO_NOTHING_LOW_SCORE
003OZnxuzLUmGBMV4t,sofia.diaz@outlook.com,0.01896651529998027,EMAIL_WE_MISS_YOU_STORYTELLING
003CjBfNI2Cyfeo79Q,diego.fernandez@yahoo.es,0.007967707112006334,DO_NOTHING_NEGATIVE_VALUE
003VYX5xquM00jnZmp,laura.lopez@yahoo.es,0.019595391209518018,DO_NOTHING_LOW_SCORE
003PVQn3VFhCaicKtT,maria.garcia@gmail.com,0.006849805767608495,DO_NOTHING_LOW_SCORE
003zEtdp7zvASbU8Ut,ana.martinez@hotmail.com,0.0242007546493083,DO_NOTHING_NEGATIVE_VALUE
003f0Nda6fSBTJOY3e,elena.ruiz@outlook.com,0.03114523035435413,EMAIL_WE_MISS_YOU_STORYTELLING
003PMj2Gr0G0ASNNJv,maria.garcia@yahoo.es,0.013790300905835141,DO_NOTHING_LOW_SCORE
0039MWdLIDfWX4i94U,luis.rodriguez@hotmail.com,0.02696546271058114,EMAIL_WE_MISS_YOU_STORYTELLING
0031uMKQp0pU9jElSd,pedro.gomez@outlook.com,0.020548253154061235,DO_NOTHING_LOW_SCORE
003sAjpBg69017ToIE,elena.ruiz@gmail.com,0.02279440291553584,EMAIL_WE_MISS_YOU_STORYTELLING
0033i5fMKBXuVGQ7lg,sofia.diaz@outlook.com,0.9689084981412328,PUSH_NEW_COLLECTION_NO_PROMO
003RMxwSHPy5o8YjdW,laura.lopez@gmail.com,0.03624428784787103,EMAIL_WE_MISS_YOU_STORYTELLING
003iZFBY72zg15ulWB,sofia.diaz@gmail.com,0.9536587901174275,SMS_RECOVER_CART_20_OFF
003MGdpekKVGY5mOqj,ana.martinez@outlook.com,0.00853769890182571,DO_NOTHING_LOW_SCORE
003IDfVXJknxCsIQpp,carlos.sanchez@gmail.com,0.020302789570776945,DO_NOTHING_LOW_SCORE
003Eyk32k1CUAGTlvO,ana.martinez@gmail.com,0.9221280625024028,SMS_RECOVER_CART_20_OFF
003ZbxYh6I9HYSgx2b,elena.ruiz@gmail.com,0.9267417249832469,SMS_RECOVER_CART_20_OFF
003i9e0xe5B8qg5a2j,laura.lopez@gmail.com,0.047497971085661055,EMAIL_WE_MISS_YOU_STORYTELLING
0033AzFUaQzqt9KLs8,elena.ruiz@gmail.com,0.02547624480746177,DO_NOTHING_LOW_SCORE
003Ssgh0wZydZq3CyI,juan.perez@yahoo.es,0.9446574355352972,EMAIL_WEEKLY_NEWSLETTER
003xBvn8IKQ0jqOnYw,juan.perez@outlook.com,0.9159466614847634,EMAIL_WEEKLY_NEWSLETTER
003CirS30oyWwL7Rdf,juan.perez@yahoo.es,0.015454490096433831,EMAIL_WE_MISS_YOU_STORYTELLING
003DZJW2lvWF5ziRhy,elena.ruiz@gmail.com,0.9325007542638072,SMS_RECOVER_CART_20_OFF
003Bh9Hz9Q5k77cMjo,laura.lopez@outlook.com,0.046320680218204784,EMAIL_WE_MISS_YOU_STORYTELLING
003UuYeSqaRAw8H5oj,ana.martinez@yahoo.es,0.93749793918811,SMS_RECOVER_CART_20_OFF
003rWq07q2CxKE8ebs,carlos.sanchez@gmail.com,0.014397783604268452,EMAIL_WE_MISS_YOU_STORYTELLING
0038V9gNe05ZGfwIM8,diego.fernandez@outlook.com,0.05890092471223445,EMAIL_WE_MISS_YOU_STORYTELLING
00377ZsMS7iHw57PyZ,maria.garcia@hotmail.com,0.9760285416663003,PUSH_NEW_COLLECTION_NO_PROMO
003VVhSt6uiZGS1EP8,ana.martinez@gmail.com,0.026090752354923096,EMAIL_WE_MISS_YOU_STORYTELLING
003x1BuaGaqDQ1cJSN,juan.perez@yahoo.es,0.020466077588528822,DO_NOTHING_LOW_SCORE
003RTnczTRT3xXvxZg,pedro.gomez@yahoo.es,0.04096870021342849,EMAIL_WE_MISS_YOU_STORYTELLING
003RBH8CsqJDSlA9PD,elena.ruiz@outlook.com,0.014656284952283525,EMAIL_WE_MISS_YOU_STORYTELLING
003UEpNKg6ZPNjQRvg,maria.garcia@gmail.com,0.944770139005135,SMS_RECOVER_CART_20_OFF
003kpEXTfwb5Xvv2J2,pedro.gomez@outlook.com,0.03865580391039204,DO_NOTHING_NEGATIVE_VALUE
003TwpGprkOlw4xiQv,luis.rodriguez@hotmail.com,0.03409926314896163,EMAIL_WE_MISS_YOU_STORYTELLING
003s94JVz5NqJNXLLy,maria.garcia@gmail.com,0.026883013183254954,EMAIL_WE_MISS_YOU_STORYTELLING
003VwoBBgtSIQmBK1I,pedro.gomez@yahoo.es,0.9528129483846116,SMS_RECOVER_CART_20_OFF
003XfMtqYcMzN7d0q2,sofia.diaz@gmail.com,0.02177039217057524,DO_NOTHING_LOW_SCORE
003PyJm4JD01TBsxdC,laura.lopez@outlook.com,0.03703196814396497,EMAIL_WE_MISS_YOU_STORYTELLING
003ZDtIDMTYSIRRGUg,pedro.gomez@outlook.com,0.03235212502000364,EMAIL_WE_MISS_YOU_STORYTELLING
003lKfkGI6PFIziy1S,luis.rodriguez@yahoo.es,0.9303095757142025,EMAIL_WEEKLY_NEWSLETTER
0030D6toQmbYxdbRAV,sofia.diaz@hotmail.com,0.026110883987031753,EMAIL_WE_MISS_YOU_STORYTELLING
003nFzPdGJAeWrcL4B,pedro.gomez@outlook.com,0.9405716785433418,SMS_RECOVER_CART_20_OFF
003V5dNfhAa7Ge81aJ,sofia.diaz@yahoo.es,0.037473990817806946,EMAIL_WE_MISS_YOU_STORYTELLING
003PIpwYAbCviKDTdt,pedro.gomez@gmail.com,0.009078818223117444,DO_NOTHING_LOW_SCORE
003d6tB7G8rcuSHhsr,elena.ruiz@outlook.com,0.9492298883588234,SMS_RECOVER_CART_20_OFF
003Z4Kw63VZHONKdLu,luis.rodriguez@gmail.com,0.9193495604512895,SMS_RECOVER_CART_20_OFF
003owoaBf2u3xZaxUs,sofia.diaz@yahoo.es,0.005157668881506091,DO_NOTHING_LOW_SCORE
003rdhZAmVG2JNjUjF,maria.garcia@yahoo.es,0.02976396907267418,EMAIL_WE_MISS_YOU_STORYTELLING
003eAJ17A2f9EDEreP,maria.garcia@yahoo.es,0.940603896035547,SMS_RECOVER_CART_20_OFF
003NIgFASpNy5PnvcN,diego.fernandez@hotmail.com,0.936940539115736,SMS_RECOVER_CART_20_OFF
003On6u9D9sJYuQb7E,juan.perez@outlook.com,0.02438081960181052,DO_NOTHING_LOW_SCORE
003EhGIJcYhacRuCu7,sofia.diaz@hotmail.com,0.9486703186475457,SMS_RECOVER_CART_20_OFF
003ajD0f6xZTT4xpPm,diego.fernandez@hotmail.com,0.014116397189650121,DO_NOTHING_LOW_SCORE
003NXTPEcnrRNqLQZu,maria.garcia@outlook.com,0.03330202900959309,EMAIL_WE_MISS_YOU_STORYTELLING
003jkY3RCuuQu2KEiA,diego.fernandez@yahoo.es,0.015409866123226448,DO_NOTHING_LOW_SCORE
003kWhRSJjT7kNOBlk,luis.rodriguez@hotmail.com,0.028300753430154348,EMAIL_WE_MISS_YOU_STORYTELLING
003O4ZRNUd2uALBnsf,pedro.gomez@hotmail.com,0.9426005313700415,SMS_RECOVER_CART_20_OFF
0030fIfC5vH8PCMuCS,ana.martinez@hotmail.com,0.012782607859964757,DO_NOTHING_LOW_SCORE
0032KdYN79ZUtkZUL2,juan.perez@yahoo.es,0.021948802265456605,EMAIL_WE_MISS_YOU_STORYTELLING
003c57ciaN3ix4EVqh,elena.ruiz@yahoo.es,0.970553144654088,SMS_RECOVER_CART_20_OFF
003yZ2adUiWw7IR8tA,laura.lopez@outlook.com,0.9500364752535065,SMS_RECOVER_CART_20_OFF
003sK0oT4BdUxdaLSU,laura.lopez@outlook.com,0.03662907810070478,DO_NOTHING_LOW_SCORE
003NmQSsW8Yliidesj,luis.rodriguez@gmail.com,0.037127735296446335,EMAIL_WE_MISS_YOU_STORYTELLING
003bspzRU1DZ2PDEbJ,laura.lopez@gmail.com,0.021619110760572945,EMAIL_WE_MISS_YOU_STORYTELLING
003tZtiUEcdUFbOtJN,diego.fernandez@outlook.com,0.02027874763267948,DO_NOTHING_LOW_SCORE
0030IsWI3MwKAbBPxV,diego.fernandez@gmail.com,0.009384204745542506,DO_NOTHING_LOW_SCORE
003Ql4BmpwSANaYFw7,carlos.sanchez@outlook.com,0.022941425996118547,DO_NOTHING_LOW_SCORE
003kEVfUIY9QtMH3sU,juan.perez@gmail.com,0.03294280614611764,EMAIL_WE_MISS_YOU_STORYTELLING
003DqtwYUIyp1qPAIv,sofia.diaz@yahoo.es,0.9237547442727839,SMS_RECOVER_CART_20_OFF
003lwuptT9eH66lo6c,juan.perez@hotmail.com,0.03876399326144072,EMAIL_WE_MISS_YOU_STORYTELLING
003aaeIZtgvvPMSupR,sofia.diaz@hotmail.com,0.009460567432230728,DO_NOTHING_LOW_SCORE
003zAmkn453AwDeBUm,elena.ruiz@yahoo.es,0.04811958053798932,EMAIL_WE_MISS_YOU_STORYTELLING
003cn0loiuQRmNh7bX,elena.ruiz@hotmail.com,0.018648548428845783,DO_NOTHING_NEGATIVE_VALUE
003IYw341PeILalaYy,pedro.gomez@gmail.com,0.012680953698587523,DO_NOTHING_LOW_SCORE
003Wp5svgQCvenIeA3,diego.fernandez@hotmail.com,0.007519209482173499,DO_NOTHING_LOW_SCORE
003jPN2wCLXNXm7fMe,laura.lopez@yahoo.es,0.02746993156307357,EMAIL_WE_MISS_YOU_STORYTELLING
0031wz4WwIbCRRX6ui,laura.lopez@yahoo.es,0.02862878918409246,DO_NOTHING_LOW_SCORE
003pKuKMx850cDWcEv,ana.martinez@outlook.com,0.010165605878569897,DO_NOTHING_LOW_SCORE
003qHSyZlc790MPkXn,luis.rodriguez@outlook.com,0.009715468409586057,EMAIL_WE_MISS_YOU_STORYTELLING
003EJQx1NiGTwwqIKo,luis.rodriguez@outlook.com,0.9805179487179485,SMS_RECOVER_CART_20_OFF
003B9C4Lqr6jLA9ANl,laura.lopez@gmail.com,0.949729522058457,EMAIL_WEEKLY_NEWSLETTER
003Q0mhMKpKaOm2YI3,pedro.gomez@gmail.com,0.9320018565565762,SMS_RECOVER_CART_20_OFF
003aXrTMfWPhHJU38x,laura.lopez@hotmail.com,0.9656915111088464,SMS_RECOVER_CART_20_OFF
003fAYJwjtu9isddhE,elena.ruiz@hotmail.com,0.029040633169568265,EMAIL_WE_MISS_YOU_STORYTELLING
00358jhboyfLRCXjSc,carlos.sanchez@yahoo.es,0.007997175054345598,DO_NOTHING_LOW_SCORE
003sdhlq5YnyuvyozJ,sofia.diaz@gmail.com,0.9445039138086609,EMAIL_WEEKLY_NEWSLETTER
003sySj5OFiF26x7Es,laura.lopez@hotmail.com,0.01121683983366442,DO_NOTHING_LOW_SCORE
003BmMr6cZwM0qxbu9,carlos.sanchez@gmail.com,0.021948802265456605,EMAIL_WE_MISS_YOU_STORYTELLING
0037LJGp0GnYw619AF,ana.martinez@outlook.com,0.017295005218311968,DO_NOTHING_LOW_SCORE
003H0dqrT4fbrYdH45,pedro.gomez@gmail.com,0.9188019908312279,SMS_RECOVER_CART_20_OFF
003hXq9ROn6awlAeO4,laura.lopez@yahoo.es,0.044782760776096324,DO_NOTHING_NEGATIVE_VALUE
003l3Zf88GeNGSjeKM,laura.lopez@hotmail.com,0.012894649017100251,DO_NOTHING_LOW_SCORE
003J1lhnoZQXe8rBwK,juan.perez@hotmail.com,0.01728769890182571,DO_NOTHING_LOW_SCORE
003Xo9PyntJ8PcJxBT,laura.lopez@gmail.com,0.028254022585239548,DO_NOTHING_LOW_SCORE
003LzNvoUTSorbNFwp,maria.garcia@gmail.com,0.029365905590321314,DO_NOTHING_LOW_SCORE
003sq5URmer42D3lvB,diego.fernandez@outlook.com,0.9293364212700701,SMS_RECOVER_CART_20_OFF
003G7Tc2GnwUzpreKA,juan.perez@gmail.com,0.9555777577726176,SMS_RECOVER_CART_20_OFF
003C21U9I0taSfPPO2,laura.lopez@gmail.com,0.9076690190306667,SMS_RECOVER_CART_20_OFF
003FmLgfyeW4Jj3EO2,sofia.diaz@outlook.com,0.939880976378014,EMAIL_WEEKLY_NEWSLETTER
003eHtHzjyfP64ZHVV,maria.garcia@outlook.com,0.007884376956040252,DO_NOTHING_LOW_SCORE
003HwvSuZzabhgo7RN,elena.ruiz@yahoo.es,0.9329863783184479,EMAIL_WEEKLY_NEWSLETTER
003ZznJMWclyRHg2xZ,sofia.diaz@outlook.com,0.018476824582632664,DO_NOTHING_LOW_SCORE
003ejvxxnAN9yamjhP,ana.martinez@outlook.com,0.025311534143931804,DO_NOTHING_LOW_SCORE
0032mavHUX1XZoX8c8,elena.ruiz@hotmail.com,0.014656284952283525,EMAIL_WE_MISS_YOU_STORYTELLING
003VuJWimXsn5yQN6s,laura.lopez@outlook.com,0.9225075141311795,SMS_RECOVER_CART_20_OFF
003TGs3HYX32U95YkO,pedro.gomez@yahoo.es,0.910254414499143,SMS_RECOVER_CART_20_OFF
003wTIzAxepf2qeaG7,luis.rodriguez@gmail.com,0.9552316800076234,SMS_RECOVER_CART_20_OFF
0031kmjnxFhFIQE2XH,laura.lopez@outlook.com,0.03013353429006549,EMAIL_WE_MISS_YOU_STORYTELLING
003dW3dh3ze7XApubn,elena.ruiz@outlook.com,0.06871590204783284,DO_NOTHING_LOW_SCORE
0035SD63WLI8leTkgX,laura.lopez@outlook.com,0.012105728722553308,DO_NOTHING_LOW_SCORE
003enmQjfwlKGSaZqZ,juan.perez@hotmail.com,0.9486287945479972,EMAIL_WEEKLY_NEWSLETTER
003y4xtF6K3sgNZT0O,elena.ruiz@gmail.com,0.03748611111111111,EMAIL_WE_MISS_YOU_STORYTELLING
003b4nWQG3Glomm9pU,sofia.diaz@yahoo.es,0.15642111217909416,DO_NOTHING_LOW_SCORE
003PrmPg4CThhGSHVo,laura.lopez@yahoo.es,0.02836653495967696,EMAIL_WE_MISS_YOU_STORYTELLING
0035Db7djIsfpypFMR,elena.ruiz@gmail.com,0.034938606597640275,EMAIL_WE_MISS_YOU_STORYTELLING
003F5kVALPgkzyRr4V,diego.fernandez@hotmail.com,0.9282543282241329,SMS_RECOVER_CART_20_OFF
003tRV5ChShzBn2Urk,maria.garcia@hotmail.com,0.028204250753197258,DO_NOTHING_LOW_SCORE
003UaQ9UwsOnMMghCH,laura.lopez@outlook.com,0.011772395389219975,DO_NOTHING_LOW_SCORE
003tI48IqBO9GTMSKr,laura.lopez@yahoo.es,0.8671662165854194,SMS_RECOVER_CART_20_OFF
003Q88xkNy3jOxPApt,maria.garcia@yahoo.es,0.9516336186647159,SMS_RECOVER_CART_20_OFF
003B4BJhlWk7Zgmts8,diego.fernandez@gmail.com,0.007064788061275183,DO_NOTHING_LOW_SCORE
003U7aKZlRKLQwYXhd,ana.martinez@yahoo.es,0.01730430960262893,DO_NOTHING_LOW_SCORE
003n3CpMF5BvhUpl5C,luis.rodriguez@gmail.com,0.9543686497910285,SMS_RECOVER_CART_20_OFF
003dx0Msm5oPzABJg2,pedro.gomez@yahoo.es,0.022576993090369403,DO_NOTHING_LOW_SCORE
003Yfgnk1RTN8QoTPo,pedro.gomez@hotmail.com,0.03217548375088421,EMAIL_WE_MISS_YOU_STORYTELLING
0036mThGS10j4fc5UW,elena.ruiz@gmail.com,0.9469083323307111,SMS_RECOVER_CART_20_OFF
003D87vTOfushteIeB,carlos.sanchez@hotmail.com,0.9381037782436991,SMS_RECOVER_CART_20_OFF
003beDwGufrBXUnoSd,ana.martinez@yahoo.es,0.021236432339216876,EMAIL_WE_MISS_YOU_STORYTELLING
003LAiTv5rOXvHjgxC,sofia.diaz@outlook.com,0.9743411103146188,PUSH_NEW_COLLECTION_NO_PROMO
003WC097ZdwgbOG5c9,luis.rodriguez@gmail.com,0.03437938043801336,DO_NOTHING_LOW_SCORE
003q9git0xYDJwxP10,laura.lopez@hotmail.com,0.05412430949017524,DO_NOTHING_LOW_SCORE
003jVZZiLbWnHvgSB8,laura.lopez@outlook.com,0.029879034153675602,EMAIL_WE_MISS_YOU_STORYTELLING
003ivGy6hhXqFSI3rl,diego.fernandez@gmail.com,0.956340961496862,SMS_RECOVER_CART_20_OFF
003Iz3n2HQa3XJA2wC,laura.lopez@gmail.com,0.9411024566696814,EMAIL_WEEKLY_NEWSLETTER
0033SPExvD8mH9lmAp,elena.ruiz@outlook.com,0.006327807890833101,DO_NOTHING_LOW_SCORE
00339r3lU83FaBjgAf,sofia.diaz@outlook.com,0.010573982690807277,DO_NOTHING_LOW_SCORE
003HLKzCqtKKcB6Zxh,carlos.sanchez@hotmail.com,0.00785749881347888,DO_NOTHING_LOW_SCORE
003dKykMB5eSu0vpMO,juan.perez@gmail.com,0.04160273843383571,EMAIL_WE_MISS_YOU_STORYTELLING
0036RJMq0I5VYjiEa1,juan.perez@outlook.com,0.9726952083329669,PUSH_NEW_COLLECTION_NO_PROMO
003dmj0GNXe65wsLXX,sofia.diaz@hotmail.com,0.9316361415836005,SMS_RECOVER_CART_20_OFF
003mFk0wDzioWf97oF,luis.rodriguez@yahoo.es,0.011201733481174689,DO_NOTHING_LOW_SCORE
003mOkjPJnXz9dQaoS,maria.garcia@yahoo.es,0.9465836963112706,SMS_RECOVER_CART_20_OFF
003gKqOfMM6wcGMzVb,diego.fernandez@outlook.com,0.0038082243533856435,DO_NOTHING_LOW_SCORE
003zFIHPiT3MOjb10g,diego.fernandez@outlook.com,0.0038082243533856435,DO_NOTHING_LOW_SCORE
003hod7uEjv4kK1TF7,sofia.diaz@yahoo.es,0.0038082243533856435,DO_NOTHING_LOW_SCORE
003B1OpyYLfvcWYOZJ,sofia.diaz@outlook.com,0.0038082243533856435,DO_NOTHING_LOW_SCORE
0032x1k78fMCH6Vv3u,carlos.sanchez@hotmail.com,0.0038082243533856435,DO_NOTHING_LOW_SCORE
003w1O5SyTxxy592sL,sofia.diaz@yahoo.es,0.0038082243533856435,DO_NOTHING_LOW_SCORE
003uRv3i6Jhut58SDl,juan.perez@gmail.com,0.0038082243533856435,DO_NOTHING_LOW_SCORE
003ykROQduvqiF3SfC,pedro.gomez@hotmail.com,0.0038082243533856435,DO_NOTHING_LOW_SCORE
003vO6FpYxn9mOb5r7,juan.perez@hotmail.com,0.005236795781957072,DO_NOTHING_LOW_SCORE
003CuzJs8WLpEGKipD,carlos.sanchez@gmail.com,0.0038082243533856435,DO_NOTHING_LOW_SCORE
003SiBmf4ebszmIKzL,ana.martinez@outlook.com,0.005236795781957072,DO_NOTHING_LOW_SCORE
003374DXYBcNHYzT7l,maria.garcia@gmail.com,0.005236795781957072,DO_NOTHING_LOW_SCORE
003ZATY05Ss6Kl6rFx,juan.perez@hotmail.com,0.005236795781957072,DO_NOTHING_LOW_SCORE
003gJL43r7uJl4xpYW,pedro.gomez@yahoo.es,0.0038082243533856435,DO_NOTHING_LOW_SCORE
003nN2skY5KAODK8am,elena.ruiz@hotmail.com,0.008346208527367947,DO_NOTHING_LOW_SCORE
003wP69ChBjkoi0tLe,elena.ruiz@yahoo.es,0.008346208527367947,DO_NOTHING_LOW_SCORE
0033Okl0qpUiLY8IBa,pedro.gomez@hotmail.com,0.0038082243533856435,DO_NOTHING_LOW_SCORE
003StDl0kALuiemf7d,laura.lopez@yahoo.es,0.015236795781957071,DO_NOTHING_LOW_SCORE
003XE27hPdvx0y6CIU,maria.garcia@outlook.com,0.0038082243533856435,DO_NOTHING_LOW_SCORE
003JA9W6efietchYWm,laura.lopez@hotmail.com,0.0038082243533856435,DO_NOTHING_LOW_SCORE
0039H4knZ23wQ5VpGE,sofia.diaz@gmail.com,0.00621359203991275,DO_NOTHING_LOW_SCORE
003N1HoKs9ZujByWyN,diego.fernandez@gmail.com,0.0038082243533856435,DO_NOTHING_LOW_SCORE
003xQvUEjeBqkQFUXU,ana.martinez@yahoo.es,0.00621359203991275,DO_NOTHING_LOW_SCORE
003GKvvntrjZfwcgsl,pedro.gomez@gmail.com,0.0038082243533856435,DO_NOTHING_LOW_SCORE
00359EZUDWHxSpg54N,diego.fernandez@outlook.com,0.0038082243533856435,DO_NOTHING_LOW_SCORE
