SubscriberKey,Email,FirstName,LastName,DNI,Registration_Date
003TKdgnYd9OKpAb7l,maria.garcia@outlook.com,Maria,Garcia,76618555I,2025-05-14
003S5BfFFB015JfqGh,carlos.sanchez@yahoo.es,Carlos,Sanchez,33573262L,2024-03-31
0032KdYN79ZUtkZUL2,JUAN.PEREZ@YAHOO.ES,Juan,Perez,95333255F,2025-11-08
003nUWJiPTmEy8KbQe,sofia.diaz@yahoo.es,Sofia,Diaz,61894286S,2024-11-23
003XsVfqL4yNgDR6kG,carlos.sanchez@yahoo.es,Carlos,Sanchez,,2025-06-13
0037LJGp0GnYw619AF,ana.martinez@outlook.com,Ana,Martinez,18571758K,2025-08-13
003ELU3pSG5YWx8wSJ,carlos.sanchez@outlook.com,Carlos,Sanchez,86681415A,2025-04-20
003kvaY2RmhlTXjp9f,sofia.diaz@gmail.com,Sofia,Diaz,54642691W,2024-02-20
00359krhPGD1584hEg,sofia.diaz@hotmail.com,Sofia,Diaz,89853391A,2025-06-03
003qY2KlflL1gcpsNp,LUIS.RODRIGUEZ@HOTMAIL.COM,Luis,Rodriguez,,2025-08-13
003muoJAwA9UN3garD,LUIS.RODRIGUEZ@OUTLOOK.COM,Luis,Rodriguez,80433819T,2025-03-10
003WDsreE3Kw2gzSpd,maria.garcia@outlook.com,Maria,Garcia,,2024-05-03
0031uLsRSlAOkQ5zoW,pedro.gomez@gmail.com,Pedro,Gomez,48149609J,2025-11-30
003n0ll0Pkvx6ZmYwh,carlos.sanchez@gmail.com,Carlos,Sanchez,48508544L,2025-09-13
003DrtXUpSmPsgMN98,laura.lopez@hotmail.com,Laura,Lopez,96096793G,2024-06-04
003c57ciaN3ix4EVqh,elena.ruiz@yahoo.es,Elena,Ruiz,65715586G,2025-12-07
003SRdCm9yZkLKJOle,carlos.sanchez@hotmail.com,Carlos,Sanchez,48747456Y,2024-08-31
003w1O5SyTxxy592sL,SOFIA.DIAZ@YAHOO.ES,Sofia,Diaz,,2025-04-23
003t905XK1EHyQX2Sk,ANA.MARTINEZ@GMAIL.COM,Ana,Martinez,78673898M,2025-06-24
003KLFAjfdSorIOF6O,diego.fernandez@outlook.com,Diego,Fernandez,10452798E,2026-01-04
003SBams5GBxwinyPS,juan.perez@hotmail.com,Juan,Perez,14644795S,2024-04-30
003JYxO6COx7t7drdF,ANA.MARTINEZ@GMAIL.COM,Ana,Martinez,62261336O,2025-01-21
003n0vc4cGxnL4ggaL,MARIA.GARCIA@HOTMAIL.COM,Maria,Garcia,,2024-10-23
003H0dqrT4fbrYdH45,pedro.gomez@gmail.com,Pedro,Gomez,21396066H,2024-05-28
003I7djCMj8d5X7pSa,maria.garcia@gmail.com,Maria,Garcia,34010232O,2024-06-25
003kpEXTfwb5Xvv2J2,pedro.gomez@outlook.com,Pedro,Gomez,13087924T,2025-05-27
003f3oMlRgeI1nyit5,ana.martinez@gmail.com,Ana,Martinez,20408647N,2024-03-25
003TwpGprkOlw4xiQv,luis.rodriguez@hotmail.com,Luis,Rodriguez,58791424U,2024-12-08
003ipJP1yKQgeoAsHE, carlos.sanchez@hotmail.com ,Carlos,Sanchez,12858948T,2024-07-01
003GGZwJJEtY6hhVb1,juan.perez@outlook.com,Juan,Perez,81617551E,2024-11-14
003ULUahIg62xXk6Jn,DIEGO.FERNANDEZ@YAHOO.ES,Diego,Fernandez,23294057H,2025-11-19
003vZuinCza46EgF5i,ana.martinez@yahoo.es,Ana,Martinez,75530616F,2024-12-18
003H1425chey1a4ZRI,MARIA.GARCIA@YAHOO.ES,Maria,Garcia,19366236Q,2025-07-17
003SiBmf4ebszmIKzL,ANA.MARTINEZ@OUTLOOK.COM,Ana,Martinez,98655332X,2024-11-04
003UaQ9UwsOnMMghCH,laura.lopez@outlook.com,Laura,Lopez,78473378T,2024-11-06
003ub6XQ2RqdERCCMu,LUIS.RODRIGUEZ@OUTLOOK.COM,Luis,Rodriguez,31077440O,2025-05-10
003Nwdic6YHYJrxG0I,CARLOS.SANCHEZ@OUTLOOK.COM,Carlos,Sanchez,15239687Q,2024-02-24
00385145b2rZ1re0lQ,elena.ruiz@hotmail.com,Elena,Ruiz,19847963F,2025-12-22
003OZnxuzLUmGBMV4t,sofia.diaz@outlook.com,Sofia,Diaz,55773889O,2024-07-19
003Ni0N7neOqUs9X2N,carlos.sanchez@hotmail.com,Carlos,Sanchez,23080837A,2025-04-07
003irlcKA3WuytJ9Uz,ana.martinez@outlook.com,Ana,Martinez,29912533J,2024-04-16
003he155mVTGkFCPPd,LUIS.RODRIGUEZ@OUTLOOK.COM,Luis,Rodriguez,63246159X,2024-04-30
003BwApBSznb7OhCbG,ana.martinez@gmail.com,Ana,Martinez,,2024-03-26
003CjBfNI2Cyfeo79Q,diego.fernandez@yahoo.es,Diego,Fernandez,39264967G,2025-05-25
003yZ2adUiWw7IR8tA,laura.lopez@outlook.com,Laura,Lopez,27510878J,2024-02-05
0032riYTrmlZvbLyGd,carlos.sanchez@yahoo.es,Carlos,Sanchez,,2024-07-18
003KwwWDYRft83NCQb,carlos.sanchez@outlook.com,Carlos,Sanchez,23721951T,2025-11-10
003MLn0NT3aamc8PNm,pedro.gomez@yahoo.es,Pedro,Gomez,62682636M,2024-01-30
0039l3hGqxPOyx69h5,DIEGO.FERNANDEZ@YAHOO.ES,Diego,Fernandez,62511269E,2024-08-05
0036OoaTFzLmgcBx2g,LUIS.RODRIGUEZ@YAHOO.ES,Luis,Rodriguez,45265381N,2024-04-11
003UzOlqjn14XS8eO8,ana.martinez@gmail.com,Ana,Martinez,,2025-09-13
003VYX5xquM00jnZmp,LAURA.LOPEZ@YAHOO.ES,Laura,Lopez,79850244U,2024-07-02
003PVQn3VFhCaicKtT,maria.garcia@gmail.com,Maria,Garcia,43499930L,2025-12-31
003A9J2PpBs8IiQPRx,diego.fernandez@yahoo.es,Diego,Fernandez,85378587D,2025-12-23
003boENKIKlejPR58e,PEDRO.GOMEZ@YAHOO.ES,Pedro,Gomez,79185071J,2024-04-02
0031sv8Fo2qQX1ZcyG,laura.lopez@yahoo.es,Laura,Lopez,70315252V,2024-03-20
003GKvvntrjZfwcgsl,pedro.gomez@gmail.com,Pedro,Gomez,41963472D,2025-08-08
003zdCsKWycWniB5Qm,carlos.sanchez@hotmail.com,Carlos,Sanchez,65811945Y,2024-06-23
003tI48IqBO9GTMSKr,laura.lopez@yahoo.es,Laura,Lopez,,2025-04-02
0037KMa1BOqNBuNw6V,elena.ruiz@hotmail.com,Elena,Ruiz,23843086M,2025-10-09
003hXq9ROn6awlAeO4,LAURA.LOPEZ@YAHOO.ES,Laura,Lopez,81304670B,2024-04-09
003Q88xkNy3jOxPApt,maria.garcia@yahoo.es,Maria,Garcia,70279369Q,2025-04-20
003s94JVz5NqJNXLLy,MARIA.GARCIA@GMAIL.COM,Maria,Garcia,49503143W,2024-03-14
003zEtdp7zvASbU8Ut,ana.martinez@hotmail.com,Ana,Martinez,26909317A,2024-05-27
003VwoBBgtSIQmBK1I,PEDRO.GOMEZ@YAHOO.ES,Pedro,Gomez,71271746S,2024-06-29
003l3Zf88GeNGSjeKM,laura.lopez@hotmail.com,Laura,Lopez,15646916I,2024-11-22
003rQuuQhmO1uHcXGu,pedro.gomez@yahoo.es,Pedro,Gomez,24500947H,2025-06-26
003CuzJs8WLpEGKipD,carlos.sanchez@gmail.com,Carlos,Sanchez,68881095V,2025-02-07
003gcbF5p0TeIWYyMD,ANA.MARTINEZ@YAHOO.ES,Ana,Martinez,66964355J,2024-04-17
003f0Nda6fSBTJOY3e,elena.ruiz@outlook.com,Elena,Ruiz,42065397S,2025-04-15
003XfMtqYcMzN7d0q2,SOFIA.DIAZ@GMAIL.COM,Sofia,Diaz,15108212T,2025-08-11
003IllRclHu3hCQWe9,PEDRO.GOMEZ@GMAIL.COM,Pedro,Gomez,46632064F,2025-04-08
003wgxxRrZ8cjaHwV3,ana.martinez@outlook.com,Ana,Martinez,43057581X,2024-01-19
003fNkPJjEzJEVeQvE,maria.garcia@yahoo.es,Maria,Garcia,73942334M,2024-06-02
003MY5MtAu0QKJGBsG,SOFIA.DIAZ@OUTLOOK.COM,Sofia,Diaz,34247593K,2025-09-07
003JBx9uUhYaGrEgXk,sofia.diaz@outlook.com,Sofia,Diaz,41001439D,2025-09-07
003QRqjQuPHZEBzPAL,elena.ruiz@gmail.com,Elena,Ruiz,83358925B,2024-02-29
003PyJm4JD01TBsxdC,LAURA.LOPEZ@OUTLOOK.COM,Laura,Lopez,,2024-09-19
003mkq72WR6gihgFn3,pedro.gomez@yahoo.es,Pedro,Gomez,11730799K,2024-11-26
003nN2skY5KAODK8am,elena.ruiz@hotmail.com,Elena,Ruiz,23943156E,2025-01-13
003rEAPe19ASDKpEkP,pedro.gomez@gmail.com,Pedro,Gomez,32814797K,2025-08-27
003swc1jmO6DBDYd83,CARLOS.SANCHEZ@YAHOO.ES,Carlos,Sanchez,16865019C,2024-09-20
003IG13onaNkcOJl4e,maria.garcia@hotmail.com,Maria,Garcia,92715082T,2024-09-03
003PMj2Gr0G0ASNNJv,MARIA.GARCIA@YAHOO.ES,Maria,Garcia,93504522C,2024-12-08
003IajdfcJSRMiPbPu,diego.fernandez@outlook.com,Diego,Fernandez,23564261P,2024-12-22
00361qj4cBFcRhIFpD,pedro.gomez@yahoo.es,Pedro,Gomez,24908164Z,2025-09-04
003bBypD2CcO2lZNhm,laura.lopez@gmail.com,Laura,Lopez,82209500O,2025-03-30
0034JfCpyYs1qeNDWj,pedro.gomez@yahoo.es,Pedro,Gomez,89456417C,2024-03-25
0035NS2O793IdMeuAg,luis.rodriguez@hotmail.com,Luis,Rodriguez,25970898E,2024-01-04
003CLcC5KI6qpTbHJJ,MARIA.GARCIA@OUTLOOK.COM,Maria,Garcia,83196918W,2024-07-14
003utcLtJWKcakUWec,diego.fernandez@outlook.com,Diego,Fernandez,,2024-09-27
003B4BJhlWk7Zgmts8,diego.fernandez@gmail.com,Diego,Fernandez,54224742R,2025-05-31
003ZDtIDMTYSIRRGUg,pedro.gomez@outlook.com,Pedro,Gomez,44122404N,2025-08-28
003sAVbBjdlMuiHqMI,JUAN.PEREZ@YAHOO.ES,Juan,Perez,60551205Q,2024-04-10
003zgixAN83MSPGLLr,carlos.sanchez@gmail.com,Carlos,Sanchez,69182235P,2025-11-07
003J1lhnoZQXe8rBwK, juan.perez@hotmail.com ,Juan,Perez,77230304Q,2024-04-29
0032tF32ZqboBR5zNB,elena.ruiz@outlook.com,Elena,Ruiz,87392157I,2025-06-06
003sK0oT4BdUxdaLSU,LAURA.LOPEZ@OUTLOOK.COM,Laura,Lopez,14703178O,2024-01-01
003NmQSsW8Yliidesj,luis.rodriguez@gmail.com,Luis,Rodriguez,42766891I,2024-05-26
003U7aKZlRKLQwYXhd,ana.martinez@yahoo.es,Ana,Martinez,78800965S,2025-12-11
003bspzRU1DZ2PDEbJ,LAURA.LOPEZ@GMAIL.COM,Laura,Lopez,80647419N,2025-06-02
003sqNya7ekijAKHer,laura.lopez@hotmail.com,Laura,Lopez,24546181Q,2025-06-21
003l0ty2TCfD51GZ1Q,sofia.diaz@gmail.com,Sofia,Diaz,93652814B,2026-01-02
003KG2KjPldg2rDWll,laura.lopez@yahoo.es,Laura,Lopez,14448849A,2025-02-18
003eSgHa6QB5PDNc1K,diego.fernandez@outlook.com,Diego,Fernandez,48192938O,2024-08-15
003SLm8f681843Vpo4,MARIA.GARCIA@HOTMAIL.COM,Maria,Garcia,93417199M,2024-09-25
003Q4LZilZCayekOwn,pedro.gomez@hotmail.com,Pedro,Gomez,64827062A,2025-05-14
003uRv3i6Jhut58SDl, juan.perez@gmail.com ,Juan,Perez,85327548Z,2024-06-05
0034f7f5ZV1PyfygqA,ELENA.RUIZ@OUTLOOK.COM,Elena,Ruiz,65856581E,2024-09-10
003lKfkGI6PFIziy1S,luis.rodriguez@yahoo.es,Luis,Rodriguez,48888718L,2025-01-22
003FcXudse4L5zEJAY,PEDRO.GOMEZ@YAHOO.ES,Pedro,Gomez,30700220Z,2024-05-09
003b2FNeXIi1bOHMqJ,ana.martinez@outlook.com,Ana,Martinez,42255729Q,2025-03-01
003TxEJuzQk22l9dFl,LAURA.LOPEZ@YAHOO.ES,Laura,Lopez,90873017S,2025-10-31
003A19Qg1pgss7HCeQ,elena.ruiz@hotmail.com,Elena,Ruiz,,2024-07-29
003G0ytfsaSGl4Ux7P,maria.garcia@gmail.com,Maria,Garcia,58482456H,2024-06-07
003kcDkjmjNMbKPZrS,maria.garcia@gmail.com,Maria,Garcia,44416215P,2024-05-23
00347LDQCIyleWSV9X,carlos.sanchez@gmail.com,Carlos,Sanchez,49311475E,2025-01-01
003jdjh77Dou8Qp2No,elena.ruiz@hotmail.com,Elena,Ruiz,17160118N,2024-04-04
0039MWdLIDfWX4i94U,LUIS.RODRIGUEZ@HOTMAIL.COM,Luis,Rodriguez,87120084H,2024-06-02
003Lro0Wd8OoNu9SUC,luis.rodriguez@hotmail.com,Luis,Rodriguez,88952217E,2025-12-18
003mrFFSHsFHcpocIY,pedro.gomez@hotmail.com,Pedro,Gomez,73979073F,2025-02-21
003n3CpMF5BvhUpl5C,LUIS.RODRIGUEZ@GMAIL.COM,Luis,Rodriguez,10488099N,2025-05-31
003mZxzcPrSMcUmO4A,PEDRO.GOMEZ@GMAIL.COM,Pedro,Gomez,82286285J,2024-04-04
003B1OpyYLfvcWYOZJ,SOFIA.DIAZ@OUTLOOK.COM,Sofia,Diaz,48525968T,2024-04-20
003URKyqeQ055tFojl, ANA.MARTINEZ@GMAIL.COM ,Ana,Martinez,,2025-10-14
003tZtiUEcdUFbOtJN,diego.fernandez@outlook.com,Diego,Fernandez,,2025-01-25
003Xo9PyntJ8PcJxBT,LAURA.LOPEZ@GMAIL.COM,Laura,Lopez,40209661S,2025-09-13
003gJL43r7uJl4xpYW,pedro.gomez@yahoo.es,Pedro,Gomez,31637079R,2025-06-03
003tIWiz9RwCQeBMqV,MARIA.GARCIA@HOTMAIL.COM,Maria,Garcia,93182487C,2025-08-18
0037EXyh5nBLR5dgtY,sofia.diaz@yahoo.es,Sofia,Diaz,63757357Z,2024-12-14
003gVC3OxwNOJoVjpX,luis.rodriguez@gmail.com,Luis,Rodriguez,14879455U,2025-09-10
003JA9W6efietchYWm, laura.lopez@hotmail.com ,Laura,Lopez,44527942R,2024-01-11
0038OwRRjTbFf9GkZX,laura.lopez@outlook.com,Laura,Lopez,71051147W,2025-04-11
0031uMKQp0pU9jElSd,PEDRO.GOMEZ@OUTLOOK.COM,Pedro,Gomez,89361085X,2025-07-01
003coMgp2WuSqyzkz1,luis.rodriguez@yahoo.es,Luis,Rodriguez,41971327Z,2024-02-15
003GjQA2Wpa4UCKRzp,luis.rodriguez@yahoo.es,Luis,Rodriguez,94997787N,2024-10-06
0031MsXRtUOnVNVlss,juan.perez@gmail.com,Juan,Perez,33379821E,2025-12-14
003dArGv4Ed1mnkQns, ANA.MARTINEZ@GMAIL.COM ,Ana,Martinez,89630708C,2025-10-08
003FawnXJRYcErVvGo,DIEGO.FERNANDEZ@HOTMAIL.COM,Diego,Fernandez,25359068I,2024-03-23
003XS3CORiGBIWpXmU,DIEGO.FERNANDEZ@GMAIL.COM,Diego,Fernandez,30547263C,2024-07-01
003tL2MVIfnKwvCs5T,diego.fernandez@hotmail.com,Diego,Fernandez,91075227G,2024-10-20
0030D6toQmbYxdbRAV,sofia.diaz@hotmail.com,Sofia,Diaz,63382573I,2025-09-21
003Y2W6k0lSEotJC3J,ana.martinez@outlook.com,Ana,Martinez,51687333Z,2025-05-18
003vlbrNKMmp3eRuA1,LAURA.LOPEZ@YAHOO.ES,Laura,Lopez,44769965L,2024-12-22
003R9RcJYq7pvGYpbd,elena.ruiz@hotmail.com,Elena,Ruiz,,2024-12-18
003sMbQV0l1vSYVBBr,pedro.gomez@yahoo.es,Pedro,Gomez,99542773O,2025-08-08
003LzNvoUTSorbNFwp,MARIA.GARCIA@GMAIL.COM,Maria,Garcia,57982649Z,2024-07-09
0031zGb23segMdT9xU,elena.ruiz@outlook.com,Elena,Ruiz,17088148N,2024-11-27
003CZMD06XXUtGNT0C,carlos.sanchez@hotmail.com,Carlos,Sanchez,67887420O,2024-06-08
003HjD7q5aDgcnqs3w,juan.perez@yahoo.es,Juan,Perez,31014219J,2025-04-02
0030ux8RtypzZKtv4Y,sofia.diaz@yahoo.es,Sofia,Diaz,21645296Q,2024-03-23
003IvTq0JqvT1dTtw1,juan.perez@gmail.com,Juan,Perez,41146015P,2024-08-08
00327wlQzyOJ37IVJo,juan.perez@gmail.com,Juan,Perez,27436527Y,2025-11-16
003uJGiK619xFi2cFR,ANA.MARTINEZ@YAHOO.ES,Ana,Martinez,66149342J,2025-04-19
00313g6QHYoN7FYJQf,pedro.gomez@hotmail.com,Pedro,Gomez,78041945W,2025-07-18
0036j8dktqE0h3Nsyi,ANA.MARTINEZ@YAHOO.ES,Ana,Martinez,91428346S,2025-01-31
003kOR8aRLUJwt4KLG,sofia.diaz@outlook.com,Sofia,Diaz,34700493W,2024-07-30
003qL6wQXqtEEOZbJt,carlos.sanchez@gmail.com,Carlos,Sanchez,45670714U,2024-02-05
003LalCLODF5m9HzJr,SOFIA.DIAZ@GMAIL.COM,Sofia,Diaz,,2025-05-02
003IvaBsyai2AaOb1U,laura.lopez@yahoo.es,Laura,Lopez,63057908K,2025-03-12
0031IKCc0eYrkUuW8c,luis.rodriguez@hotmail.com,Luis,Rodriguez,18816756C,2025-03-23
003AzOoAMUnuiS8mGs,carlos.sanchez@hotmail.com,Carlos,Sanchez,83533156R,2024-07-23
003eLHmSyWn5zZN2Wq,ELENA.RUIZ@HOTMAIL.COM,Elena,Ruiz,63069637Q,2024-04-24
0030IsWI3MwKAbBPxV,diego.fernandez@gmail.com,Diego,Fernandez,,2026-01-04
003nFzPdGJAeWrcL4B,pedro.gomez@outlook.com,Pedro,Gomez,31634144B,2025-09-19
003Ud7UOTafRX01gmi,maria.garcia@outlook.com,Maria,Garcia,77851324D,2025-03-12
003dx0Msm5oPzABJg2,pedro.gomez@yahoo.es,Pedro,Gomez,41224063L,2024-01-14
003V5dNfhAa7Ge81aJ,sofia.diaz@yahoo.es,Sofia,Diaz,55580966V,2025-04-26
003qvTjzglat8M1gWF,MARIA.GARCIA@YAHOO.ES,Maria,Garcia,24335251B,2025-03-16
003E6Wka00NNzBBkx2,ana.martinez@hotmail.com,Ana,Martinez,17770179L,2025-09-10
003sAjpBg69017ToIE,elena.ruiz@gmail.com,Elena,Ruiz,68910883K,2024-03-22
003sq5URmer42D3lvB,diego.fernandez@outlook.com,Diego,Fernandez,,2025-05-21
003PIpwYAbCviKDTdt,pedro.gomez@gmail.com,Pedro,Gomez,77818225G,2025-07-18
003G7Tc2GnwUzpreKA,juan.perez@gmail.com,Juan,Perez,,2025-02-01
003Ql4BmpwSANaYFw7,CARLOS.SANCHEZ@OUTLOOK.COM,Carlos,Sanchez,18805822K,2025-02-12
003CZUCPDhq8olX9Rj,MARIA.GARCIA@GMAIL.COM,Maria,Garcia,99094838F,2025-01-07
003sfPaHpsKMziItaI,laura.lopez@yahoo.es,Laura,Lopez,46038398D,2025-12-16
003wl0fqv1DDpxqsgG,maria.garcia@outlook.com,Maria,Garcia,10660830P,2024-01-03
003kEVfUIY9QtMH3sU,JUAN.PEREZ@GMAIL.COM,Juan,Perez,,2024-11-20
003DqtwYUIyp1qPAIv,sofia.diaz@yahoo.es,Sofia,Diaz,67284283H,2024-04-01
003Yfgnk1RTN8QoTPo,pedro.gomez@hotmail.com,Pedro,Gomez,79097593Z,2025-08-31
003MHYtDFPD9d28YSU,pedro.gomez@yahoo.es,Pedro,Gomez,18618621N,2024-05-25
003C21U9I0taSfPPO2,laura.lopez@gmail.com,Laura,Lopez,95541339F,2024-01-23
003U2vmBGpT54YZWNs,carlos.sanchez@outlook.com,Carlos,Sanchez,27205660V,2024-07-28
003jztrXN9uz87xXBy,sofia.diaz@gmail.com,Sofia,Diaz,42829331W,2024-06-15
003lwuptT9eH66lo6c,JUAN.PEREZ@HOTMAIL.COM,Juan,Perez,84657220P,2024-12-06
003va10OaOfuVYlrS0, ANA.MARTINEZ@GMAIL.COM ,Ana,Martinez,75645279T,2025-12-23
003EtLZxttx8GYsgvU,maria.garcia@hotmail.com,Maria,Garcia,38666842L,2025-09-05
0033V5xx93pDlbEMOI,juan.perez@outlook.com,Juan,Perez,73849654D,2025-06-28
003XFYTrVrFuLWU8Pm,ANA.MARTINEZ@HOTMAIL.COM,Ana,Martinez,42007997I,2024-12-23
003ZxV18571ix13sUf, LUIS.RODRIGUEZ@HOTMAIL.COM ,Luis,Rodriguez,38356199O,2025-11-18
003zh9u1qmngONYKCG,pedro.gomez@gmail.com,Pedro,Gomez,54709116Y,2025-12-23
0033i5fMKBXuVGQ7lg,sofia.diaz@outlook.com,Sofia,Diaz,34820042G,2025-06-17
003wpj2vok8MdJV6eU,diego.fernandez@yahoo.es,Diego,Fernandez,19402398Y,2025-11-16
003d6tB7G8rcuSHhsr,elena.ruiz@outlook.com,Elena,Ruiz,53816496G,2024-07-01
0033Okl0qpUiLY8IBa,pedro.gomez@hotmail.com,Pedro,Gomez,13558317D,2025-04-04
003GfbHcxw3Ko9D3TS,diego.fernandez@gmail.com,Diego,Fernandez,42199837H,2025-09-21
003hb5ppqSo3T2txOl,maria.garcia@gmail.com,Maria,Garcia,55457878D,2025-12-06
003aaeIZtgvvPMSupR,SOFIA.DIAZ@HOTMAIL.COM,Sofia,Diaz,68841606O,2024-06-27
003RMxwSHPy5o8YjdW,LAURA.LOPEZ@GMAIL.COM,Laura,Lopez,83778636Z,2024-02-20
003rPTHJvBopcjMKGW,PEDRO.GOMEZ@YAHOO.ES,Pedro,Gomez,37078750Y,2024-08-19
003GnvZY80NdBmssYg,MARIA.GARCIA@HOTMAIL.COM,Maria,Garcia,63278981S,2024-11-27
003j5jwxsOGoID93Ci,PEDRO.GOMEZ@YAHOO.ES,Pedro,Gomez,20579720D,2025-09-16
003QQWoMVAdJCbxHCc,diego.fernandez@gmail.com,Diego,Fernandez,17172309H,2024-03-03
003ix3nAuWk6AliT9R,maria.garcia@yahoo.es,Maria,Garcia,,2024-02-27
003ykROQduvqiF3SfC,pedro.gomez@hotmail.com,Pedro,Gomez,48584475E,2025-05-04
003FmLgfyeW4Jj3EO2,SOFIA.DIAZ@OUTLOOK.COM,Sofia,Diaz,13197767V,2025-03-20
003vO6FpYxn9mOb5r7,juan.perez@hotmail.com,Juan,Perez,74260005M,2024-10-13
003Kq3TLIMQzbEaZph,MARIA.GARCIA@GMAIL.COM,Maria,Garcia,22135566E,2025-06-17
003tTu4oQtMLaDNxCU,PEDRO.GOMEZ@OUTLOOK.COM,Pedro,Gomez,99939003O,2025-02-13
003yEcaEAJuxuGwDEB,DIEGO.FERNANDEZ@GMAIL.COM,Diego,Fernandez,95526427D,2024-05-28
003OBxvj7L6DDe8IFn,luis.rodriguez@outlook.com,Luis,Rodriguez,26141351C,2025-01-01
003iZFBY72zg15ulWB,sofia.diaz@gmail.com,Sofia,Diaz,,2024-08-06
003MGdpekKVGY5mOqj,ana.martinez@outlook.com,Ana,Martinez,32929503R,2024-03-13
003UY6J2n6ZLR5DsOl,SOFIA.DIAZ@GMAIL.COM,Sofia,Diaz,65571355A,2024-05-09
003IhyNvQaqSNkoOPt,luis.rodriguez@hotmail.com,Luis,Rodriguez,28235205T,2024-06-30
0036mThGS10j4fc5UW,ELENA.RUIZ@GMAIL.COM,Elena,Ruiz,,2025-03-09
003cYePKyUQeh0Szka,juan.perez@hotmail.com,Juan,Perez,90587749B,2025-02-07
003gKqOfMM6wcGMzVb,DIEGO.FERNANDEZ@OUTLOOK.COM,Diego,Fernandez,58582557X,2024-10-06
0034DUbHJBpDnrA6Jq,diego.fernandez@gmail.com,Diego,Fernandez,70388159X,2025-09-14
003mro6PSJhpeCvDtd,elena.ruiz@hotmail.com,Elena,Ruiz,88674765X,2025-07-25
0038uHrUz8eA9owAEN,pedro.gomez@hotmail.com,Pedro,Gomez,,2024-12-10
003Z4Kw63VZHONKdLu,luis.rodriguez@gmail.com,Luis,Rodriguez,,2024-08-21
0035hZVI8afRo7yoJ2,CARLOS.SANCHEZ@OUTLOOK.COM,Carlos,Sanchez,20701988T,2024-01-18
003UgvaU9niH6ppVOv, laura.lopez@yahoo.es ,Laura,Lopez,,2025-06-21
003GEmm2RJga3M10iL,ELENA.RUIZ@HOTMAIL.COM,Elena,Ruiz,17148604V,2024-07-24
003DsF0UiRhHDONaoz,elena.ruiz@gmail.com,Elena,Ruiz,68457652S,2025-02-13
0030lZAmma9SoNsEou,pedro.gomez@gmail.com,Pedro,Gomez,75430511M,2024-09-28
003eHtHzjyfP64ZHVV,maria.garcia@outlook.com,Maria,Garcia,55660744R,2024-05-20
003Gl2laaQRxP8RHUf,luis.rodriguez@outlook.com,Luis,Rodriguez,84639386T,2025-02-02
003JNY9sFS7EGY88Vk,carlos.sanchez@outlook.com,Carlos,Sanchez,95584721J,2025-05-21
003yIMITZRFe6eQR4o,pedro.gomez@outlook.com,Pedro,Gomez,72780626G,2025-08-08
003MosUxtHH406oDm0,PEDRO.GOMEZ@OUTLOOK.COM,Pedro,Gomez,97542237J,2024-02-29
003D87vTOfushteIeB,CARLOS.SANCHEZ@HOTMAIL.COM,Carlos,Sanchez,,2024-04-20
003Iyq0NMw33c440Kp,laura.lopez@hotmail.com,Laura,Lopez,97035873F,2025-03-18
003BztQZl6W3zH7WsH,luis.rodriguez@yahoo.es,Luis,Rodriguez,23970215O,2024-12-29
003IDfVXJknxCsIQpp,CARLOS.SANCHEZ@GMAIL.COM,Carlos,Sanchez,12604913B,2025-03-06
003CYrPyD6ICzvW5Gp,luis.rodriguez@hotmail.com,Luis,Rodriguez,,2025-05-13
003dfPaqCc4j39HVwP,sofia.diaz@outlook.com,Sofia,Diaz,88131048H,2024-08-26
003WA9FV73LE5LTSxs,maria.garcia@gmail.com,Maria,Garcia,22226855Y,2025-09-13
0032kgBibGfwhgoBcr,sofia.diaz@outlook.com,Sofia,Diaz,40144760R,2024-01-11
003Eyk32k1CUAGTlvO,ana.martinez@gmail.com,Ana,Martinez,26047904I,2025-06-01
003sVR5Puo8EE7njRq,JUAN.PEREZ@GMAIL.COM,Juan,Perez,85652967D,2025-06-15
003SAXlNA6JTgvjgsx,MARIA.GARCIA@GMAIL.COM,Maria,Garcia,39545283P,2024-10-05
0031RQPJfe967DPaWQ,elena.ruiz@gmail.com,Elena,Ruiz,91697785W,2025-06-18
003zAmkn453AwDeBUm, elena.ruiz@yahoo.es ,Elena,Ruiz,64419729A,2024-01-28
003cVmndVj1PqDNeX4,SOFIA.DIAZ@GMAIL.COM,Sofia,Diaz,24255311Y,2025-03-20
003owoaBf2u3xZaxUs,SOFIA.DIAZ@YAHOO.ES,Sofia,Diaz,56161399O,2025-05-15
003Fl31gWp8U4QPBLF,MARIA.GARCIA@OUTLOOK.COM,Maria,Garcia,74787907P,2025-07-17
003cn0loiuQRmNh7bX,elena.ruiz@hotmail.com,Elena,Ruiz,84719086E,2025-08-29
003zylZCSDJjZpiw1n,sofia.diaz@yahoo.es,Sofia,Diaz,82501850H,2024-01-24
003beDwGufrBXUnoSd,ANA.MARTINEZ@YAHOO.ES,Ana,Martinez,,2025-04-05
0032CvvDefRNiSuMSx, carlos.sanchez@outlook.com ,Carlos,Sanchez,68152953W,2025-01-19
003Zn9zMwsUaIFju33,maria.garcia@gmail.com,Maria,Garcia,70902418R,2024-04-21
003LAiTv5rOXvHjgxC,SOFIA.DIAZ@OUTLOOK.COM,Sofia,Diaz,,2025-11-30
003kUHVHE8xiQjrPNs,elena.ruiz@yahoo.es,Elena,Ruiz,19228541O,2024-07-28
003QzJiUj7WugMYujh,laura.lopez@yahoo.es,Laura,Lopez,80408967R,2024-09-08
003Z5KCeXY0c42hVkz,SOFIA.DIAZ@GMAIL.COM,Sofia,Diaz,36730091K,2024-10-11
003hOyzcceVrFiwrNt,PEDRO.GOMEZ@YAHOO.ES,Pedro,Gomez,50833979Q,2025-02-19
003Shn4GwXMdDPOVsZ,laura.lopez@gmail.com,Laura,Lopez,,2024-11-28
003IYw341PeILalaYy,pedro.gomez@gmail.com,Pedro,Gomez,97785033I,2024-09-08
003N1fUmwF4X4UuWGE,diego.fernandez@hotmail.com,Diego,Fernandez,58286414G,2024-10-05
003XnyACJYS9Q3af3v,sofia.diaz@gmail.com,Sofia,Diaz,19555520U,2025-12-13
003WC097ZdwgbOG5c9,luis.rodriguez@gmail.com,Luis,Rodriguez,77146844K,2024-06-10
0033N8XfR76EoXxEBm,DIEGO.FERNANDEZ@YAHOO.ES,Diego,Fernandez,12079356Y,2025-05-30
003nsDCPDlLIZXmBwo,PEDRO.GOMEZ@OUTLOOK.COM,Pedro,Gomez,20396533V,2025-07-22
003KBnNPhmfBL8457G,PEDRO.GOMEZ@YAHOO.ES,Pedro,Gomez,56413440V,2024-02-10
003uHAYdG8kB8rryJo,LUIS.RODRIGUEZ@YAHOO.ES,Luis,Rodriguez,36446573O,2024-05-28
003gHLpTSHslB3Ulde,diego.fernandez@outlook.com,Diego,Fernandez,95634217Q,2025-04-26
003dUYNrlG0bqIHckw,sofia.diaz@hotmail.com,Sofia,Diaz,25531329P,2024-07-26
003kPD9wvqLeEDrD7O,ana.martinez@hotmail.com,Ana,Martinez,86269789K,2024-11-01
003plsOvN0HlKuCKrD,laura.lopez@outlook.com,Laura,Lopez,79199639G,2024-04-07
003FEYfUYs38FsDsCY,carlos.sanchez@gmail.com,Carlos,Sanchez,77538493D,2024-07-26
003JjrTvEorh83YW0O,elena.ruiz@gmail.com,Elena,Ruiz,,2025-10-11
003ZbxYh6I9HYSgx2b,elena.ruiz@gmail.com,Elena,Ruiz,44566866I,2024-12-11
003i9e0xe5B8qg5a2j,LAURA.LOPEZ@GMAIL.COM,Laura,Lopez,42695497T,2024-05-12
003r6dcnsKjun9qNYZ,diego.fernandez@hotmail.com,Diego,Fernandez,37703398U,2024-12-20
003lFwcCzLgu510dSC,luis.rodriguez@yahoo.es,Luis,Rodriguez,55547950U,2025-04-26
003nRlLW1VXLCQ9Z69,juan.perez@hotmail.com,Juan,Perez,42890098R,2025-10-06
0034PTEsiSL91V8t3c,juan.perez@hotmail.com,Juan,Perez,77650938U,2025-09-16
003Ut6oBvsGWB5YF99,ana.martinez@gmail.com,Ana,Martinez,,2024-08-19
003hraJ6QPIFbRGp0O,sofia.diaz@gmail.com,Sofia,Diaz,,2025-06-08
003SwEDrSHc2vfXD0w,laura.lopez@outlook.com,Laura,Lopez,54463727J,2024-04-02
003HwvSuZzabhgo7RN,elena.ruiz@yahoo.es,Elena,Ruiz,19166046H,2025-12-01
003dc6R2r9XYgfmSKy,maria.garcia@hotmail.com,Maria,Garcia,80299002W,2025-04-17
0036EWtSZut9suxEGi,diego.fernandez@hotmail.com,Diego,Fernandez,27763493C,2025-09-16
003UydEgO9I7RoooFV,ana.martinez@outlook.com,Ana,Martinez,34879838N,2024-12-13
0033AzFUaQzqt9KLs8,ELENA.RUIZ@GMAIL.COM,Elena,Ruiz,58715334R,2025-12-27
003q9git0xYDJwxP10,LAURA.LOPEZ@HOTMAIL.COM,Laura,Lopez,97423200G,2024-06-12
003wDs6Yrwj4dLoTwL,JUAN.PEREZ@HOTMAIL.COM,Juan,Perez,39203633B,2025-03-08
003mZFzMKGngVvH0fI,juan.perez@hotmail.com,Juan,Perez,,2024-10-13
003OJ21SLEW12oDy7a,sofia.diaz@yahoo.es,Sofia,Diaz,87459086W,2025-09-17
003N1HoKs9ZujByWyN,DIEGO.FERNANDEZ@GMAIL.COM,Diego,Fernandez,75955697Y,2025-01-20
003rdhZAmVG2JNjUjF,maria.garcia@yahoo.es,Maria,Garcia,52778558T,2025-03-22
003YcBw4C2fI0bCMdq,laura.lopez@yahoo.es,Laura,Lopez,50661413X,2025-04-17
003Ssgh0wZydZq3CyI, juan.perez@yahoo.es ,Juan,Perez,,2025-07-17
003ZznJMWclyRHg2xZ,SOFIA.DIAZ@OUTLOOK.COM,Sofia,Diaz,28660442A,2024-08-19
003jVZZiLbWnHvgSB8,laura.lopez@outlook.com,Laura,Lopez,14845194D,2024-07-02
003ZsEHPgaFsTIjJD8,elena.ruiz@outlook.com,Elena,Ruiz,91442246F,2024-02-07
003Wp5svgQCvenIeA3,diego.fernandez@hotmail.com,Diego,Fernandez,,2025-06-21
0030vLdGM8FAkNZ7tv,laura.lopez@hotmail.com,Laura,Lopez,62705541H,2024-05-17
003xBvn8IKQ0jqOnYw,juan.perez@outlook.com,Juan,Perez,94072574T,2025-10-12
003ejvxxnAN9yamjhP,ana.martinez@outlook.com,Ana,Martinez,88212263U,2024-04-19
003Uif8EZDphg3mGTT,JUAN.PEREZ@GMAIL.COM,Juan,Perez,13710624I,2024-05-29
003pyE7n3Gqzn80fdO,juan.perez@gmail.com,Juan,Perez,66866086J,2025-10-28
003mS8TVrbguxj4EHZ,laura.lopez@gmail.com,Laura,Lopez,42769702D,2025-05-03
003jPN2wCLXNXm7fMe,laura.lopez@yahoo.es,Laura,Lopez,19188569K,2025-08-14
0031Hx014jFXhI0Vax,ana.martinez@hotmail.com,Ana,Martinez,73586778X,2025-01-28
0032mavHUX1XZoX8c8,elena.ruiz@hotmail.com,Elena,Ruiz,20146960K,2025-11-28
0039H4knZ23wQ5VpGE,sofia.diaz@gmail.com,Sofia,Diaz,53526734H,2025-07-27
0032z7F8OdLC71oAs4,maria.garcia@yahoo.es,Maria,Garcia,11142504J,2024-08-27
003FeEKBpQMSy9gsm5,laura.lopez@gmail.com,Laura,Lopez,34631597T,2025-03-31
003wI3HI1f1zl8FR0N,ELENA.RUIZ@GMAIL.COM,Elena,Ruiz,20783584T,2025-04-11
0032CEqMdV38YVSQlc,PEDRO.GOMEZ@HOTMAIL.COM,Pedro,Gomez,33579229Y,2024-07-05
003oQwcd6FyCPOQkXB,elena.ruiz@hotmail.com,Elena,Ruiz,68243393T,2025-04-05
003CirS30oyWwL7Rdf,juan.perez@yahoo.es,Juan,Perez,,2025-01-03
003hL8071URM0HVEV0,sofia.diaz@yahoo.es,Sofia,Diaz,12507584W,2025-12-29
0031wz4WwIbCRRX6ui,laura.lopez@yahoo.es,Laura,Lopez,23483609T,2025-03-24
003jn6uejxmNHQ5CYW,diego.fernandez@outlook.com,Diego,Fernandez,43063862S,2025-02-06
003DZJW2lvWF5ziRhy,elena.ruiz@gmail.com,Elena,Ruiz,80420126L,2025-12-26
003VRCAJp83Ex2aTKd,sofia.diaz@outlook.com,Sofia,Diaz,42226952W,2024-09-15
003tg2efp0r6sU1jLN,LAURA.LOPEZ@GMAIL.COM,Laura,Lopez,93492882Z,2024-04-12
003pKuKMx850cDWcEv,ana.martinez@outlook.com,Ana,Martinez,83024917F,2025-11-06
003wY8UBLpZy5egefq,DIEGO.FERNANDEZ@YAHOO.ES,Diego,Fernandez,90574893T,2024-02-28
0032uUK874LdC7v3ks,diego.fernandez@yahoo.es,Diego,Fernandez,37856723L,2024-02-10
003Bh9Hz9Q5k77cMjo,LAURA.LOPEZ@OUTLOOK.COM,Laura,Lopez,80831638M,2025-01-29
003Dylzdy1uMPjeFIl,juan.perez@outlook.com,Juan,Perez,21717687Z,2025-04-11
003LSFPOyeVuzFRrug,carlos.sanchez@hotmail.com,Carlos,Sanchez,91070653A,2024-11-22
003Mwe3i16leWiInMV,elena.ruiz@outlook.com,Elena,Ruiz,68855972L,2024-03-23
003VuJWimXsn5yQN6s,laura.lopez@outlook.com,Laura,Lopez,55115447V,2025-06-27
003TmzCwkkwjI3HytL,elena.ruiz@hotmail.com,Elena,Ruiz,72261976G,2025-11-10
003TGs3HYX32U95YkO,PEDRO.GOMEZ@YAHOO.ES,Pedro,Gomez,94975967K,2025-01-27
0037Pvb4J1cmKdzZIV,pedro.gomez@hotmail.com,Pedro,Gomez,,2024-12-27
003rJaCe2Vw8FX70bU,SOFIA.DIAZ@OUTLOOK.COM,Sofia,Diaz,63747237R,2025-12-06
003eAJ17A2f9EDEreP,maria.garcia@yahoo.es,Maria,Garcia,59549779J,2026-01-03
003wTIzAxepf2qeaG7,LUIS.RODRIGUEZ@GMAIL.COM,Luis,Rodriguez,11748649U,2025-06-01
003gIdKOi5gSUUiUpl,ana.martinez@gmail.com,Ana,Martinez,19454592T,2025-12-22
0039rYc9OsKdmtoz1n,juan.perez@outlook.com,Juan,Perez,44858729A,2025-09-16
003xe0MEGveYxkM4hl,ana.martinez@gmail.com,Ana,Martinez,,2025-07-05
003DrBp3NJcXZvK405,maria.garcia@yahoo.es,Maria,Garcia,74126161C,2025-08-18
003rDsSxFnL7mTKdic,ana.martinez@outlook.com,Ana,Martinez,,2025-02-14
003NIgFASpNy5PnvcN,DIEGO.FERNANDEZ@HOTMAIL.COM,Diego,Fernandez,61677451G,2024-01-25
003UuYeSqaRAw8H5oj,ana.martinez@yahoo.es,Ana,Martinez,43070920W,2024-06-22
003VMptmTITH9rLx8c,JUAN.PEREZ@GMAIL.COM,Juan,Perez,97079248M,2025-07-02
0031kmjnxFhFIQE2XH, LAURA.LOPEZ@OUTLOOK.COM ,Laura,Lopez,75221481M,2024-01-01
003On6u9D9sJYuQb7E,JUAN.PEREZ@OUTLOOK.COM,Juan,Perez,89887683F,2024-02-12
003mqDKNTCTXtKDjOg,laura.lopez@hotmail.com,Laura,Lopez,84226771T,2024-07-29
0034SM6d8h03c91idB,luis.rodriguez@outlook.com,Luis,Rodriguez,95092411S,2025-06-18
003qHSyZlc790MPkXn,luis.rodriguez@outlook.com,Luis,Rodriguez,19394382C,2025-03-22
003DkCVh5A5vmkxBpd,juan.perez@gmail.com,Juan,Perez,93128933C,2025-03-08
003fLbrDAPMZToEZpZ,elena.ruiz@hotmail.com,Elena,Ruiz,67478543O,2024-05-31
003EJQx1NiGTwwqIKo,LUIS.RODRIGUEZ@OUTLOOK.COM,Luis,Rodriguez,,2025-05-09
003j1FtiRZDuzlrZZl,elena.ruiz@hotmail.com,Elena,Ruiz,67103434Z,2025-04-14
003PbIM0I2Gn2bLvzm,carlos.sanchez@yahoo.es,Carlos,Sanchez,24011924F,2024-12-16
003dW3dh3ze7XApubn,elena.ruiz@outlook.com,Elena,Ruiz,83950788M,2025-04-05
003B9C4Lqr6jLA9ANl,LAURA.LOPEZ@GMAIL.COM,Laura,Lopez,48262239J,2025-06-06
003SA37MjFCUHwibQH,CARLOS.SANCHEZ@OUTLOOK.COM,Carlos,Sanchez,28648348C,2024-07-01
003DMmEcdGDxz8OjAW,LUIS.RODRIGUEZ@YAHOO.ES,Luis,Rodriguez,48893790S,2024-05-15
003Uu6unpg1NH6mNYi,maria.garcia@outlook.com,Maria,Garcia,26435640O,2025-02-17
003Q0mhMKpKaOm2YI3,PEDRO.GOMEZ@GMAIL.COM,Pedro,Gomez,96385086X,2024-04-26
003GemwOwn7z4DkyiT,ana.martinez@hotmail.com,Ana,Martinez,86613114X,2024-10-24
003k1BsH91wUiae554,luis.rodriguez@yahoo.es,Luis,Rodriguez,79560280G,2025-05-24
003aXrTMfWPhHJU38x,LAURA.LOPEZ@HOTMAIL.COM,Laura,Lopez,68158662O,2024-02-01
0030jIKlhGmnZ3Yr4E,SOFIA.DIAZ@GMAIL.COM,Sofia,Diaz,,2025-03-23
003UQ1pxFmegyeZjBt,PEDRO.GOMEZ@OUTLOOK.COM,Pedro,Gomez,69775241D,2024-12-20
003EhGIJcYhacRuCu7,sofia.diaz@hotmail.com,Sofia,Diaz,,2024-04-07
003ivGy6hhXqFSI3rl,diego.fernandez@gmail.com,Diego,Fernandez,45998840S,2024-10-15
0039QLM2hvmQTrbxxv,sofia.diaz@hotmail.com,Sofia,Diaz,91586098B,2025-06-29
003dCifUoxNsrWUile,ANA.MARTINEZ@YAHOO.ES,Ana,Martinez,,2024-12-18
003jYbyfsk9j6ZJ3KB,LAURA.LOPEZ@YAHOO.ES,Laura,Lopez,87004971M,2025-07-05
0035SD63WLI8leTkgX,LAURA.LOPEZ@OUTLOOK.COM,Laura,Lopez,81032073K,2025-03-21
003zFIHPiT3MOjb10g,DIEGO.FERNANDEZ@OUTLOOK.COM,Diego,Fernandez,24907526G,2024-10-25
003enmQjfwlKGSaZqZ,juan.perez@hotmail.com,Juan,Perez,42731362L,2025-02-26
003BqbOqgfYXH3BDTA,MARIA.GARCIA@YAHOO.ES,Maria,Garcia,72491897Q,2025-04-05
003kP9PYb6OU9jIW79,ana.martinez@hotmail.com,Ana,Martinez,21219461Z,2024-02-04
003oNaiARMTgfO64t6,JUAN.PEREZ@HOTMAIL.COM,Juan,Perez,58587395L,2025-10-22
003sXtJiQyK3LzFBcc,diego.fernandez@outlook.com,Diego,Fernandez,,2025-05-27
003oDVHiqT4V7NrGvY, sofia.diaz@yahoo.es ,Sofia,Diaz,30619766W,2025-05-27
003HD75UIH3GkE4Ynr,SOFIA.DIAZ@OUTLOOK.COM,Sofia,Diaz,27646632Y,2024-04-16
003y4xtF6K3sgNZT0O,ELENA.RUIZ@GMAIL.COM,Elena,Ruiz,15231099N,2024-07-07
003Iz3n2HQa3XJA2wC,laura.lopez@gmail.com,Laura,Lopez,95977320K,2024-01-04
003xioiNli2ffaUUWR,sofia.diaz@outlook.com,Sofia,Diaz,87856785W,2024-12-09
003pvOc5iL22X8ESNF,diego.fernandez@hotmail.com,Diego,Fernandez,17971480U,2025-10-18
003h9ID27YGycbCe3O,carlos.sanchez@hotmail.com,Carlos,Sanchez,,2025-06-30
003wP69ChBjkoi0tLe,elena.ruiz@yahoo.es,Elena,Ruiz,,2024-02-20
003r7atna8PeQyKSNl,diego.fernandez@hotmail.com,Diego,Fernandez,,2025-04-11
0039wzx6Kn4dQQPsTo,juan.perez@gmail.com,Juan,Perez,79519958U,2024-05-15
003ajD0f6xZTT4xpPm,DIEGO.FERNANDEZ@HOTMAIL.COM,Diego,Fernandez,57034189I,2025-12-19
003CV3WbatuBp6m3de,DIEGO.FERNANDEZ@HOTMAIL.COM,Diego,Fernandez,72422483N,2024-05-18
003StDl0kALuiemf7d,laura.lopez@yahoo.es,Laura,Lopez,60381595Z,2025-05-21
003WzNj9zHJ60XvUcc,SOFIA.DIAZ@YAHOO.ES,Sofia,Diaz,40032441P,2025-12-11
003Chl8i4UoAuiSNIQ,carlos.sanchez@outlook.com,Carlos,Sanchez,34390516W,2025-03-17
003xRCFxckvbceyG9o,ANA.MARTINEZ@HOTMAIL.COM,Ana,Martinez,58102706P,2024-08-06
003ljJsCbuM4s7mY7E,laura.lopez@yahoo.es,Laura,Lopez,,2025-10-19
003n3aWY7HaNWelKCP,laura.lopez@yahoo.es,Laura,Lopez,36317888E,2024-05-05
0039RzMNRjtuuE1oAW,SOFIA.DIAZ@GMAIL.COM,Sofia,Diaz,74386146E,2024-06-28
003NXTPEcnrRNqLQZu,maria.garcia@outlook.com,Maria,Garcia,85674648R,2025-04-04
0033SPExvD8mH9lmAp,elena.ruiz@outlook.com,Elena,Ruiz,92338040C,2025-06-07
003hdYgHgtmzTmApuM,carlos.sanchez@yahoo.es,Carlos,Sanchez,23231883E,2025-01-14
003b4nWQG3Glomm9pU,sofia.diaz@yahoo.es,Sofia,Diaz,15260946X,2025-09-24
003hod7uEjv4kK1TF7,sofia.diaz@yahoo.es,Sofia,Diaz,21036580P,2024-07-29
003msRumOowiVdsQoV,ana.martinez@outlook.com,Ana,Martinez,81696990O,2024-10-11
003dx95wDCVSPscadd,LAURA.LOPEZ@GMAIL.COM,Laura,Lopez,88998975R,2024-12-13
003PrmPg4CThhGSHVo,laura.lopez@yahoo.es,Laura,Lopez,30106611K,2024-03-16
003XE27hPdvx0y6CIU,maria.garcia@outlook.com,Maria,Garcia,50370284R,2024-02-10
0035Db7djIsfpypFMR,elena.ruiz@gmail.com,Elena,Ruiz,27403047A,2025-07-11
003CL4MDxjlAmieqMf,ANA.MARTINEZ@GMAIL.COM,Ana,Martinez,78819923K,2024-10-12
003xr5lkyVX5HBJe46,maria.garcia@gmail.com,Maria,Garcia,92299170B,2024-09-05
003jxXp4gCEZL7WL88,luis.rodriguez@outlook.com,Luis,Rodriguez,66798981C,2025-08-18
0035oWRJo6WX4NoyZQ,DIEGO.FERNANDEZ@HOTMAIL.COM,Diego,Fernandez,76640066M,2024-11-16
00339r3lU83FaBjgAf,SOFIA.DIAZ@OUTLOOK.COM,Sofia,Diaz,85860096M,2024-01-04
003r4vAglhA78GwOBR,juan.perez@gmail.com,Juan,Perez,89732477J,2025-09-18
003fAYJwjtu9isddhE,ELENA.RUIZ@HOTMAIL.COM,Elena,Ruiz,15297060V,2025-11-06
003UZg374TTxj9W0Pf,laura.lopez@outlook.com,Laura,Lopez,10863417K,2024-07-06
003XvsyZLd9zuaVX7K,pedro.gomez@hotmail.com,Pedro,Gomez,47757285K,2024-09-30
003Ewc6nHWuzSfXnLa,luis.rodriguez@hotmail.com,Luis,Rodriguez,,2024-03-21
003rWq07q2CxKE8ebs,CARLOS.SANCHEZ@GMAIL.COM,Carlos,Sanchez,25012771F,2024-06-04
003r3xDt0jlnYRKV3i,elena.ruiz@hotmail.com,Elena,Ruiz,11370986P,2025-04-08
003qAJaShrs8C0vkH8,diego.fernandez@gmail.com,Diego,Fernandez,76634058A,2025-09-28
003MtC33xO07aFjYnp,ANA.MARTINEZ@HOTMAIL.COM,Ana,Martinez,27922235O,2024-11-05
003NvgYhIYw9oUhVpo,elena.ruiz@hotmail.com,Elena,Ruiz,,2024-01-13
003ikhIwDl6D2y8jTX,MARIA.GARCIA@OUTLOOK.COM,Maria,Garcia,52070732U,2024-01-22
003B54iVsH2A6PUsfA,DIEGO.FERNANDEZ@GMAIL.COM,Diego,Fernandez,34700956F,2025-09-14
003qIL43vTab1STc8X, sofia.diaz@hotmail.com ,Sofia,Diaz,84146860M,2024-10-07
003HLKzCqtKKcB6Zxh,carlos.sanchez@hotmail.com,Carlos,Sanchez,84624748R,2025-08-16
003f1YL1ywhUsWXH9v,juan.perez@outlook.com,Juan,Perez,70845295Q,2025-11-18
0038V9gNe05ZGfwIM8,diego.fernandez@outlook.com,Diego,Fernandez,65002471X,2024-10-01
00359AFn4CpDhRRG7v,ana.martinez@outlook.com,Ana,Martinez,42119304Y,2025-07-15
00377ZsMS7iHw57PyZ,maria.garcia@hotmail.com,Maria,Garcia,79995065Q,2025-07-22
003Gryd8QVc1eT4bGh,PEDRO.GOMEZ@GMAIL.COM,Pedro,Gomez,13396552M,2025-03-14
00359EZUDWHxSpg54N,DIEGO.FERNANDEZ@OUTLOOK.COM,Diego,Fernandez,27396051A,2024-10-21
003zDMczzwAvI5LIiN,LAURA.LOPEZ@YAHOO.ES,Laura,Lopez,45337762D,2025-12-18
0033Islk5DOuGaE0IW,elena.ruiz@yahoo.es,Elena,Ruiz,49901005J,2024-10-20
003fzI3nuAm1buW8O0,sofia.diaz@outlook.com,Sofia,Diaz,24260822I,2025-09-13
003F5kVALPgkzyRr4V,diego.fernandez@hotmail.com,Diego,Fernandez,26062131Z,2025-11-09
003RbbweA9UYswewCm,juan.perez@yahoo.es,Juan,Perez,,2025-01-14
003UV2E4GbMqBznUYw,ana.martinez@gmail.com,Ana,Martinez,92724043G,2025-09-20
00358jhboyfLRCXjSc,CARLOS.SANCHEZ@YAHOO.ES,Carlos,Sanchez,73473158O,2024-01-14
003IpRxicY07mKWAWq,LAURA.LOPEZ@YAHOO.ES,Laura,Lopez,,2024-05-26
003dLo44Afp8KbxLTj,CARLOS.SANCHEZ@HOTMAIL.COM,Carlos,Sanchez,45733953B,2024-05-07
003jkY3RCuuQu2KEiA,diego.fernandez@yahoo.es,Diego,Fernandez,34885328X,2025-02-25
003tRV5ChShzBn2Urk,maria.garcia@hotmail.com,Maria,Garcia,98803921Z,2024-04-08
003OoufRnpJmicEwTj,LAURA.LOPEZ@HOTMAIL.COM,Laura,Lopez,90846815U,2025-11-01
0036X35jz1Pk6AVGnk,diego.fernandez@yahoo.es,Diego,Fernandez,58439747X,2025-03-02
003B6gFQG87Z5vOJyO,sofia.diaz@gmail.com,Sofia,Diaz,80882024F,2025-03-15
003xvptlpf78vC1RTy,luis.rodriguez@gmail.com,Luis,Rodriguez,42937915S,2025-03-08
003dKykMB5eSu0vpMO,juan.perez@gmail.com,Juan,Perez,86463352T,2024-03-14
003n2f9LAkjdij031q,juan.perez@yahoo.es,Juan,Perez,29308165C,2025-10-18
0031XtKWaEWx8dS99t,ELENA.RUIZ@HOTMAIL.COM,Elena,Ruiz,44584770B,2024-01-15
003ZATY05Ss6Kl6rFx,juan.perez@hotmail.com,Juan,Perez,26536086X,2024-01-22
003VVhSt6uiZGS1EP8,ana.martinez@gmail.com,Ana,Martinez,21852475N,2024-07-25
003gHzNqkMR1iF8KST,luis.rodriguez@hotmail.com,Luis,Rodriguez,39493665K,2024-10-16
003kq1i1Y6CUbflCei,carlos.sanchez@hotmail.com,Carlos,Sanchez,62409213G,2024-12-25
003nmPCBqpw1oeJ8Dy,elena.ruiz@outlook.com,Elena,Ruiz,91407495E,2024-03-04
003Dv9BNN25l3mDwT6,elena.ruiz@yahoo.es,Elena,Ruiz,94730789W,2024-01-07
003vCthQpuO5IAo2SM,diego.fernandez@gmail.com,Diego,Fernandez,47297057P,2025-10-03
003kWhRSJjT7kNOBlk, luis.rodriguez@hotmail.com ,Luis,Rodriguez,80120656X,2024-02-21
003Xonk6NX1ffxG2No,maria.garcia@yahoo.es,Maria,Garcia,15119084W,2025-12-30
003x1BuaGaqDQ1cJSN,JUAN.PEREZ@YAHOO.ES,Juan,Perez,38125162O,2025-08-09
003lCfel85lrrPVyGd,diego.fernandez@yahoo.es,Diego,Fernandez,,2025-05-28
0030xQQWgWmjeY9dkh,PEDRO.GOMEZ@HOTMAIL.COM,Pedro,Gomez,29362095L,2025-01-31
003u4NlByGaP47giSB,maria.garcia@hotmail.com,Maria,Garcia,81187949D,2024-12-21
0034Es5SZMOC1zTduy,juan.perez@yahoo.es,Juan,Perez,59315576M,2024-08-19
003HyI2yFjwI6iz6yO,ana.martinez@outlook.com,Ana,Martinez,,2025-03-14
003MJigYHFeK0cY1az,SOFIA.DIAZ@HOTMAIL.COM,Sofia,Diaz,27924506F,2024-08-12
0036RJMq0I5VYjiEa1,juan.perez@outlook.com,Juan,Perez,,2025-06-26
003xAzGrtMEYJ4C0S5,carlos.sanchez@yahoo.es,Carlos,Sanchez,,2025-09-09
003BiOk9zMMbxzq7Kn,ana.martinez@hotmail.com,Ana,Martinez,51165299S,2024-03-16
003dmj0GNXe65wsLXX,SOFIA.DIAZ@HOTMAIL.COM,Sofia,Diaz,37674454A,2024-01-24
003qFbbm7cYt1QvX4S,sofia.diaz@yahoo.es,Sofia,Diaz,,2024-02-28
0037spIOuxjmdYYJkK,luis.rodriguez@yahoo.es,Luis,Rodriguez,92174080L,2024-07-19
003hCNVAEAG0dxQ8rV,juan.perez@gmail.com,Juan,Perez,31295188T,2025-05-19
003i4AcrwSUsfr3Ap8,diego.fernandez@hotmail.com,Diego,Fernandez,,2024-03-14
003sdhlq5YnyuvyozJ,SOFIA.DIAZ@GMAIL.COM,Sofia,Diaz,,2024-11-23
003bpCQXQI55PCoDm1,diego.fernandez@hotmail.com,Diego,Fernandez,,2024-07-27
003O4ZRNUd2uALBnsf,pedro.gomez@hotmail.com,Pedro,Gomez,92279102T,2024-08-21
003ucGRVYKKtvzpVOF,LUIS.RODRIGUEZ@YAHOO.ES,Luis,Rodriguez,60708234A,2025-03-04
003jEtl9sp5AVB0BPl,sofia.diaz@hotmail.com,Sofia,Diaz,42146907E,2024-10-22
003hyDyr58d6jrgrb1,ana.martinez@outlook.com,Ana,Martinez,26182191N,2024-10-10
003BDmmmboV0SNmtRS,elena.ruiz@gmail.com,Elena,Ruiz,26979604N,2024-05-07
003pXluTdw07tTT9xx,PEDRO.GOMEZ@GMAIL.COM,Pedro,Gomez,60269326U,2025-01-09
003GkUY9QwRwNVj0Oi,laura.lopez@gmail.com,Laura,Lopez,56698663J,2025-02-11
003sySj5OFiF26x7Es,laura.lopez@hotmail.com,Laura,Lopez,73058546J,2025-08-26
003tKpXnxDZpG5CKrQ,juan.perez@hotmail.com,Juan,Perez,77904545Y,2024-05-31
003374DXYBcNHYzT7l,MARIA.GARCIA@GMAIL.COM,Maria,Garcia,57067860I,2024-06-20
003fhQ2zPShhFdjweR,ana.martinez@hotmail.com,Ana,Martinez,,2025-04-16
003BmMr6cZwM0qxbu9,carlos.sanchez@gmail.com,Carlos,Sanchez,31414429H,2025-10-25
003y30HzLYwK0f68L6,luis.rodriguez@gmail.com,Luis,Rodriguez,32250922T,2025-05-03
003bYMuSWxF3m2XObi,ana.martinez@outlook.com,Ana,Martinez,33066184K,2024-08-17
003RTnczTRT3xXvxZg,PEDRO.GOMEZ@YAHOO.ES,Pedro,Gomez,,2024-12-05
003dIZwbNPsuSzvC8F,ana.martinez@gmail.com,Ana,Martinez,64764392S,2025-11-18
003Q4V9EBB8cJs2RzL,LAURA.LOPEZ@OUTLOOK.COM,Laura,Lopez,29498844E,2025-04-24
003A9eTfnu7LjHzmfr,maria.garcia@hotmail.com,Maria,Garcia,10236405U,2024-02-14
003RBH8CsqJDSlA9PD,elena.ruiz@outlook.com,Elena,Ruiz,59677563O,2025-03-29
003qDfwVEBlKtLs8FQ, sofia.diaz@hotmail.com ,Sofia,Diaz,44956253F,2025-05-26
003LKelrn3JDjJUq1k,ana.martinez@outlook.com,Ana,Martinez,76410588U,2024-06-28
0036EcH7IJXaliZnkf,DIEGO.FERNANDEZ@OUTLOOK.COM,Diego,Fernandez,54823851Z,2024-08-01
003QynNPb4rs3u2yMx,ana.martinez@gmail.com,Ana,Martinez,90387165K,2025-12-26
0032x1k78fMCH6Vv3u,carlos.sanchez@hotmail.com,Carlos,Sanchez,83420983D,2024-09-04
003UEpNKg6ZPNjQRvg,maria.garcia@gmail.com,Maria,Garcia,46969444S,2025-03-18
003mFk0wDzioWf97oF,luis.rodriguez@yahoo.es,Luis,Rodriguez,79560280G,2025-05-24
003mOkjPJnXz9dQaoS,maria.garcia@yahoo.es,Maria,Garcia,73942334M,2024-06-02
0030fIfC5vH8PCMuCS,ana.martinez@hotmail.com,Ana,Martinez,21219461Z,2024-02-04
003xQvUEjeBqkQFUXU,ANA.MARTINEZ@YAHOO.ES,Ana,Martinez,91428346S,2025-01-31
003HwcOSbyUW7YjpWw,diego.fernandez@outlook.com,Diego,Fernandez,48192938O,2024-08-15
003qgnc3uKHsZW0Bda,laura.lopez@yahoo.es,Laura,Lopez,36317888E,2024-05-05
003NPZ4vhAaLIpjIg4, sofia.diaz@yahoo.es ,Sofia,Diaz,30619766W,2025-05-27
003kSnAhtonRnS4kDU, ANA.MARTINEZ@GMAIL.COM ,Ana,Martinez,,2025-10-14
003T5e9NC6yzmqZkGe,ANA.MARTINEZ@YAHOO.ES,Ana,Martinez,66964355J,2024-04-17
003lcH7q4auPpT5xGo,ana.martinez@gmail.com,Ana,Martinez,21852475N,2024-07-25
